/*
Navicat MySQL Data Transfer

Source Server         : PaySnob
Source Server Version : 50628
Source Host           : mysql1.paysnob.com:3306
Source Database       : paysnob1

Target Server Type    : MYSQL
Target Server Version : 50628
File Encoding         : 65001

Date: 2016-07-21 20:03:49
*/

SET FOREIGN_KEY_CHECKS=0;

-- ----------------------------
-- Table structure for `tc_activity_log`
-- ----------------------------
DROP TABLE IF EXISTS `tc_activity_log`;
CREATE TABLE `tc_activity_log` (
  `id` int(11) NOT NULL AUTO_INCREMENT,
  `user_id` int(11) DEFAULT NULL,
  `time_in` datetime DEFAULT NULL,
  `time_out` datetime DEFAULT NULL,
  `comments` text COLLATE utf8_bin,
  `date_created` timestamp NULL DEFAULT CURRENT_TIMESTAMP,
  `status` tinyint(4) DEFAULT '0' COMMENT '0=pending, 1=approved, 2=declined',
  `payroll_id` int(11) DEFAULT NULL,
  `employee_approval` tinyint(4) DEFAULT '0' COMMENT 'when employee approve his time this will be 1',
  `department_id` int(11) DEFAULT NULL,
  `company_id` int(11) DEFAULT NULL,
  PRIMARY KEY (`id`),
  KEY `tc_activity_log_ibfk_1` (`payroll_id`),
  KEY `user_id` (`user_id`),
  KEY `department_id` (`department_id`),
  KEY `company_id` (`company_id`),
  CONSTRAINT `tc_activity_log_ibfk_1` FOREIGN KEY (`payroll_id`) REFERENCES `tc_payroll` (`id`) ON DELETE NO ACTION ON UPDATE NO ACTION,
  CONSTRAINT `tc_activity_log_ibfk_2` FOREIGN KEY (`user_id`) REFERENCES `tc_user` (`id`) ON DELETE CASCADE,
  CONSTRAINT `tc_activity_log_ibfk_3` FOREIGN KEY (`department_id`) REFERENCES `tc_department` (`id`) ON DELETE NO ACTION ON UPDATE NO ACTION,
  CONSTRAINT `tc_activity_log_ibfk_4` FOREIGN KEY (`company_id`) REFERENCES `tc_company` (`id`) ON DELETE CASCADE ON UPDATE CASCADE
) ENGINE=InnoDB AUTO_INCREMENT=281 DEFAULT CHARSET=utf8 COLLATE=utf8_bin;

-- ----------------------------
-- Records of tc_activity_log
-- ----------------------------
INSERT INTO `tc_activity_log` VALUES ('1', '4', '2015-08-20 08:00:00', '2015-08-20 17:00:00', '', '2015-08-20 20:32:15', '1', '10', '0', '2', '2');
INSERT INTO `tc_activity_log` VALUES ('3', '4', '2015-10-18 21:59:00', '2015-10-18 22:00:00', null, '2015-10-18 03:59:26', '1', '10', '0', '2', '2');
INSERT INTO `tc_activity_log` VALUES ('4', '4', '2015-10-24 19:37:00', null, null, '2015-10-25 01:37:57', '0', null, '0', '2', '2');
INSERT INTO `tc_activity_log` VALUES ('5', '4', '2015-10-26 18:11:00', '2015-10-26 22:11:00', '', '2015-10-27 01:11:37', '1', '10', '0', '2', '2');
INSERT INTO `tc_activity_log` VALUES ('6', '5', '2015-10-26 18:12:00', '2015-10-26 22:12:00', '', '2015-10-27 01:12:28', '1', '10', '0', '2', '2');
INSERT INTO `tc_activity_log` VALUES ('7', '3', '2015-11-02 11:16:00', '2015-11-02 17:19:00', null, '2015-11-03 00:16:06', '1', '10', '0', '2', '2');
INSERT INTO `tc_activity_log` VALUES ('8', '3', '2015-11-02 17:18:00', '2015-11-02 17:19:00', null, '2015-11-03 00:18:08', '1', '10', '0', '2', '2');
INSERT INTO `tc_activity_log` VALUES ('9', '3', '2015-11-02 17:19:00', '2015-11-02 21:18:00', '', '2015-11-03 00:19:23', '1', '10', '0', '2', '2');
INSERT INTO `tc_activity_log` VALUES ('10', '3', '2015-11-22 14:18:00', '2015-11-22 14:18:00', null, '2015-11-22 21:18:32', '1', '10', '0', '2', '2');
INSERT INTO `tc_activity_log` VALUES ('11', '4', '2015-11-22 04:55:00', '2015-11-22 07:55:00', '', '2015-11-23 07:56:05', '1', '10', '0', '2', '2');
INSERT INTO `tc_activity_log` VALUES ('12', '5', '2015-12-07 09:00:00', '2015-12-07 15:00:00', '', '2015-12-07 12:55:16', '1', '10', '0', '2', '2');
INSERT INTO `tc_activity_log` VALUES ('13', '5', '2016-01-18 08:00:00', '2016-01-18 12:00:00', '', '2016-01-19 01:11:48', '3', '10', '0', '2', '2');
INSERT INTO `tc_activity_log` VALUES ('14', '3', '2016-02-06 14:02:00', '2016-02-06 18:00:00', '', '2016-02-06 20:02:20', '3', '10', '0', '2', '2');
INSERT INTO `tc_activity_log` VALUES ('15', '4', '2016-02-06 15:02:00', '2016-02-06 16:00:00', '', '2016-02-06 21:02:35', '1', '10', '0', '2', '2');
INSERT INTO `tc_activity_log` VALUES ('16', '7', '2016-02-26 05:00:00', '2016-02-26 08:00:00', '', '2016-02-27 00:55:52', '1', '10', '0', '2', '2');
INSERT INTO `tc_activity_log` VALUES ('17', '3', '2016-02-26 18:58:00', '2016-02-26 18:59:00', null, '2016-02-27 00:58:22', '1', '10', '0', '2', '2');
INSERT INTO `tc_activity_log` VALUES ('18', '9', '2016-01-11 07:29:00', '2016-01-11 11:43:00', '', '2016-04-15 22:11:27', '1', null, '0', '8', '4');
INSERT INTO `tc_activity_log` VALUES ('19', '9', '2016-01-11 12:14:00', '2016-01-11 16:41:00', '', '2016-04-15 22:12:41', '1', null, '0', '8', '4');
INSERT INTO `tc_activity_log` VALUES ('20', '9', '2016-01-12 07:12:00', '2016-01-12 11:43:00', '', '2016-04-15 22:14:13', '1', null, '0', '8', '4');
INSERT INTO `tc_activity_log` VALUES ('21', '9', '2016-01-12 12:12:00', '2016-01-12 16:33:00', '', '2016-04-15 22:15:25', '1', null, '0', '8', '4');
INSERT INTO `tc_activity_log` VALUES ('22', '9', '2016-01-13 07:31:00', '2016-01-13 16:42:00', '', '2016-04-15 22:16:32', '1', null, '0', '8', '4');
INSERT INTO `tc_activity_log` VALUES ('23', '9', '2016-01-14 07:29:00', '2016-01-14 11:00:00', '', '2016-04-15 22:17:37', '1', null, '0', '8', '4');
INSERT INTO `tc_activity_log` VALUES ('24', '9', '2016-01-14 11:29:00', '2016-01-14 17:02:00', '', '2016-04-15 22:18:31', '1', null, '0', '8', '4');
INSERT INTO `tc_activity_log` VALUES ('25', '9', '2016-01-15 07:17:00', '2016-01-15 12:02:00', '', '2016-04-15 22:19:30', '1', null, '0', '8', '4');
INSERT INTO `tc_activity_log` VALUES ('26', '9', '2016-01-18 08:26:00', '2016-01-18 11:36:00', '', '2016-04-15 22:20:50', '1', null, '0', '8', '4');
INSERT INTO `tc_activity_log` VALUES ('27', '9', '2016-01-18 12:06:00', '2016-01-18 17:01:00', '', '2016-04-15 22:21:26', '1', null, '0', '8', '4');
INSERT INTO `tc_activity_log` VALUES ('28', '9', '2016-01-19 07:30:00', '2016-01-19 12:01:00', '', '2016-04-15 22:22:24', '1', null, '0', '8', '4');
INSERT INTO `tc_activity_log` VALUES ('29', '9', '2016-01-19 12:31:00', '2016-01-19 17:30:00', '', '2016-04-15 22:23:05', '1', null, '0', '8', '4');
INSERT INTO `tc_activity_log` VALUES ('30', '9', '2016-01-20 07:30:00', '2016-01-20 12:02:00', '', '2016-04-15 22:24:05', '1', null, '0', '8', '4');
INSERT INTO `tc_activity_log` VALUES ('31', '9', '2016-01-20 12:30:00', '2016-01-20 16:30:00', '', '2016-04-15 22:24:52', '1', null, '0', '8', '4');
INSERT INTO `tc_activity_log` VALUES ('32', '9', '2016-01-21 07:29:00', '2016-01-21 12:31:00', '', '2016-04-15 22:25:32', '1', null, '0', '8', '4');
INSERT INTO `tc_activity_log` VALUES ('33', '9', '2016-01-21 12:31:00', '2016-01-21 16:30:00', '', '2016-04-15 22:26:06', '1', null, '0', '8', '4');
INSERT INTO `tc_activity_log` VALUES ('34', '9', '2016-01-22 07:29:00', '2016-01-22 11:58:00', '', '2016-04-15 22:26:52', '1', null, '0', '8', '4');
INSERT INTO `tc_activity_log` VALUES ('35', '9', '2016-01-22 12:28:00', '2016-01-22 15:00:00', '', '2016-04-15 22:27:34', '1', null, '0', '8', '4');
INSERT INTO `tc_activity_log` VALUES ('36', '10', '2016-01-11 07:43:00', '2016-01-11 12:30:00', '', '2016-04-15 22:29:30', '1', null, '0', '7', '4');
INSERT INTO `tc_activity_log` VALUES ('37', '10', '2016-01-11 12:57:00', '2016-01-11 17:09:00', null, '2016-04-16 05:28:08', '1', null, '0', '7', '4');
INSERT INTO `tc_activity_log` VALUES ('38', '10', '2016-01-12 07:43:00', '2016-01-12 12:27:00', null, '2016-04-16 05:28:11', '1', null, '0', '7', '4');
INSERT INTO `tc_activity_log` VALUES ('39', '10', '2016-01-12 13:25:00', '2016-01-12 17:55:00', null, '2016-04-16 05:28:12', '1', null, '0', '7', '4');
INSERT INTO `tc_activity_log` VALUES ('40', '10', '2016-01-13 06:48:00', '2016-01-13 15:26:00', null, '2016-04-16 05:28:14', '1', null, '0', '7', '4');
INSERT INTO `tc_activity_log` VALUES ('41', '10', '2016-01-14 07:49:00', '2016-01-14 13:21:00', null, '2016-04-16 05:28:15', '1', null, '0', '7', '4');
INSERT INTO `tc_activity_log` VALUES ('42', '10', '2016-01-14 14:25:00', '2016-01-14 17:33:00', null, '2016-04-16 05:28:17', '1', null, '0', '7', '4');
INSERT INTO `tc_activity_log` VALUES ('43', '10', '2016-01-15 07:50:00', '2016-01-15 12:18:00', null, '2016-04-16 05:28:19', '1', null, '0', '7', '4');
INSERT INTO `tc_activity_log` VALUES ('44', '10', '2016-01-15 12:36:00', '2016-01-15 15:40:00', null, '2016-04-16 05:28:26', '1', null, '0', '7', '4');
INSERT INTO `tc_activity_log` VALUES ('45', '10', '2016-01-15 15:46:00', '2016-01-15 16:11:00', null, '2016-04-16 05:28:27', '1', null, '0', '7', '4');
INSERT INTO `tc_activity_log` VALUES ('46', '10', '2016-01-18 07:49:00', '2016-01-18 12:47:00', null, '2016-04-16 05:28:28', '1', null, '0', '7', '4');
INSERT INTO `tc_activity_log` VALUES ('47', '10', '2016-01-18 13:31:00', '2016-01-18 17:34:00', null, '2016-04-16 05:28:29', '1', null, '0', '7', '4');
INSERT INTO `tc_activity_log` VALUES ('48', '10', '2016-01-19 07:49:00', '2016-01-19 12:21:00', null, '2016-04-16 05:28:30', '1', null, '0', '7', '4');
INSERT INTO `tc_activity_log` VALUES ('49', '10', '2016-01-19 13:28:00', '2016-01-19 17:56:00', null, '2016-04-16 05:28:32', '1', null, '0', '7', '4');
INSERT INTO `tc_activity_log` VALUES ('50', '10', '2016-01-20 07:48:00', '2016-01-20 12:20:00', null, '2016-04-16 05:28:33', '1', null, '0', '7', '4');
INSERT INTO `tc_activity_log` VALUES ('51', '10', '2016-01-20 13:27:00', '2016-01-20 17:05:00', null, '2016-04-16 05:28:34', '1', null, '0', '7', '4');
INSERT INTO `tc_activity_log` VALUES ('52', '10', '2016-01-21 07:54:00', '2016-01-21 12:26:00', null, '2016-04-16 05:28:35', '1', null, '0', '7', '4');
INSERT INTO `tc_activity_log` VALUES ('53', '10', '2016-01-21 13:30:00', '2016-01-21 17:18:00', null, '2016-04-16 05:28:36', '1', null, '0', '7', '4');
INSERT INTO `tc_activity_log` VALUES ('54', '10', '2016-01-22 07:52:00', '2016-01-22 12:34:00', null, '2016-04-16 05:28:38', '1', null, '0', '7', '4');
INSERT INTO `tc_activity_log` VALUES ('55', '10', '2016-01-22 13:03:00', '2016-01-22 16:21:00', null, '2016-04-16 05:28:40', '1', null, '0', '7', '4');
INSERT INTO `tc_activity_log` VALUES ('56', '11', '2016-01-11 07:42:00', '2016-01-11 12:29:00', null, '2016-04-16 05:45:52', '1', null, '0', '7', '4');
INSERT INTO `tc_activity_log` VALUES ('57', '11', '2016-01-11 13:33:00', '2016-01-11 17:10:00', null, '2016-04-16 05:46:31', '1', null, '0', '7', '4');
INSERT INTO `tc_activity_log` VALUES ('58', '11', '2016-01-12 07:47:00', '2016-01-12 12:55:00', null, '2016-04-16 05:46:32', '1', null, '0', '7', '4');
INSERT INTO `tc_activity_log` VALUES ('59', '11', '2016-01-12 13:51:00', '2016-01-12 17:07:00', null, '2016-04-16 05:46:32', '1', null, '0', '7', '4');
INSERT INTO `tc_activity_log` VALUES ('60', '11', '2016-01-13 07:50:00', '2016-01-13 18:08:00', null, '2016-04-16 05:46:33', '1', null, '0', '7', '4');
INSERT INTO `tc_activity_log` VALUES ('61', '11', '2016-01-14 07:52:00', '2016-01-14 12:46:00', null, '2016-04-16 05:46:34', '1', null, '0', '7', '4');
INSERT INTO `tc_activity_log` VALUES ('62', '11', '2016-01-14 13:31:00', '2016-01-14 18:09:00', null, '2016-04-16 05:46:35', '1', null, '0', '7', '4');
INSERT INTO `tc_activity_log` VALUES ('63', '11', '2016-01-15 07:46:00', '2016-01-15 13:00:00', null, '2016-04-16 05:46:35', '1', null, '0', '7', '4');
INSERT INTO `tc_activity_log` VALUES ('64', '11', '2016-01-16 07:57:00', '2016-01-16 13:10:00', null, '2016-04-16 05:46:36', '1', null, '0', '7', '4');
INSERT INTO `tc_activity_log` VALUES ('65', '11', '2016-01-18 07:49:00', '2016-01-18 13:12:00', null, '2016-04-16 05:46:37', '1', null, '0', '7', '4');
INSERT INTO `tc_activity_log` VALUES ('66', '11', '2016-01-18 14:00:00', '2016-01-18 17:39:00', null, '2016-04-16 05:46:38', '1', null, '0', '7', '4');
INSERT INTO `tc_activity_log` VALUES ('67', '11', '2016-01-19 07:52:00', '2016-01-19 13:53:00', null, '2016-04-16 05:46:38', '1', null, '0', '7', '4');
INSERT INTO `tc_activity_log` VALUES ('68', '11', '2016-01-19 14:44:00', '2016-01-19 17:43:00', null, '2016-04-16 05:46:39', '1', null, '0', '7', '4');
INSERT INTO `tc_activity_log` VALUES ('69', '11', '2016-01-20 07:52:00', '2016-01-20 12:22:00', null, '2016-04-16 05:46:40', '1', null, '0', '7', '4');
INSERT INTO `tc_activity_log` VALUES ('70', '11', '2016-01-20 12:59:00', '2016-01-20 16:54:00', null, '2016-04-16 05:46:41', '1', null, '0', '7', '4');
INSERT INTO `tc_activity_log` VALUES ('71', '11', '2016-01-21 07:56:00', '2016-01-21 12:31:00', null, '2016-04-16 05:46:42', '1', null, '0', '7', '4');
INSERT INTO `tc_activity_log` VALUES ('72', '11', '2016-01-21 13:44:00', '2016-01-21 17:20:00', null, '2016-04-16 05:46:42', '1', null, '0', '7', '4');
INSERT INTO `tc_activity_log` VALUES ('73', '11', '2016-01-22 07:41:00', '2016-01-22 14:56:00', null, '2016-04-16 05:46:45', '1', null, '0', '7', '4');
INSERT INTO `tc_activity_log` VALUES ('74', '12', '2016-01-14 08:01:00', '2016-01-14 13:28:00', null, '2016-04-17 23:13:47', '1', null, '0', '8', '4');
INSERT INTO `tc_activity_log` VALUES ('75', '12', '2016-01-14 14:23:00', '2016-01-14 17:44:00', null, '2016-04-17 23:14:56', '1', null, '0', '8', '4');
INSERT INTO `tc_activity_log` VALUES ('76', '12', '2016-01-15 07:49:00', '2016-01-15 12:33:00', null, '2016-04-17 23:14:58', '1', null, '0', '8', '4');
INSERT INTO `tc_activity_log` VALUES ('77', '12', '2016-01-15 12:57:00', '2016-01-15 16:02:00', null, '2016-04-17 23:14:59', '1', null, '0', '8', '4');
INSERT INTO `tc_activity_log` VALUES ('78', '12', '2016-01-21 07:56:00', '2016-01-21 13:27:00', null, '2016-04-17 23:15:00', '1', null, '0', '8', '4');
INSERT INTO `tc_activity_log` VALUES ('79', '12', '2016-01-21 13:56:00', '2016-01-21 18:00:00', null, '2016-04-17 23:15:01', '1', null, '0', '8', '4');
INSERT INTO `tc_activity_log` VALUES ('80', '12', '2016-01-22 07:54:00', '2016-01-22 12:27:00', null, '2016-04-17 23:15:02', '1', null, '0', '8', '4');
INSERT INTO `tc_activity_log` VALUES ('81', '12', '2016-01-22 12:52:00', '2016-01-22 16:09:00', null, '2016-04-17 23:15:04', '1', null, '0', '8', '4');
INSERT INTO `tc_activity_log` VALUES ('82', '13', '2016-01-11 07:52:00', '2016-01-11 12:01:00', null, '2016-04-17 23:21:12', '1', null, '0', '8', '4');
INSERT INTO `tc_activity_log` VALUES ('83', '13', '2016-01-11 13:00:00', '2016-01-11 17:29:00', null, '2016-04-17 23:22:06', '1', null, '0', '8', '4');
INSERT INTO `tc_activity_log` VALUES ('84', '13', '2016-01-12 07:50:00', '2016-01-12 12:21:00', null, '2016-04-17 23:22:44', '1', null, '0', '8', '4');
INSERT INTO `tc_activity_log` VALUES ('85', '13', '2016-01-12 13:21:00', '2016-01-12 17:16:00', null, '2016-04-17 23:23:14', '1', null, '0', '8', '4');
INSERT INTO `tc_activity_log` VALUES ('86', '13', '2016-01-13 09:07:00', '2016-01-13 18:17:00', null, '2016-04-17 23:24:07', '1', null, '0', '8', '4');
INSERT INTO `tc_activity_log` VALUES ('87', '13', '2016-01-14 07:57:00', '2016-01-14 12:12:00', null, '2016-04-17 23:24:09', '1', null, '0', '8', '4');
INSERT INTO `tc_activity_log` VALUES ('88', '13', '2016-01-14 13:18:00', '2016-01-14 18:11:00', null, '2016-04-17 23:24:10', '1', null, '0', '8', '4');
INSERT INTO `tc_activity_log` VALUES ('89', '13', '2016-01-15 07:54:00', '2016-01-15 13:00:00', null, '2016-04-17 23:24:11', '1', null, '0', '8', '4');
INSERT INTO `tc_activity_log` VALUES ('90', '13', '2016-01-15 13:30:00', '2016-01-15 15:15:00', null, '2016-04-17 23:24:12', '1', null, '0', '8', '4');
INSERT INTO `tc_activity_log` VALUES ('91', '13', '2016-01-16 07:48:00', '2016-01-16 13:15:00', null, '2016-04-17 23:24:20', '1', null, '0', '8', '4');
INSERT INTO `tc_activity_log` VALUES ('92', '13', '2016-01-18 07:53:00', '2016-01-18 11:55:00', null, '2016-04-17 23:24:21', '1', null, '0', '8', '4');
INSERT INTO `tc_activity_log` VALUES ('93', '13', '2016-01-18 12:55:00', '2016-01-18 17:50:00', null, '2016-04-17 23:24:21', '1', null, '0', '8', '4');
INSERT INTO `tc_activity_log` VALUES ('94', '13', '2016-01-20 06:48:00', '2016-01-20 12:14:00', null, '2016-04-17 23:24:23', '1', null, '0', '8', '4');
INSERT INTO `tc_activity_log` VALUES ('95', '13', '2016-01-20 13:14:00', '2016-01-20 15:33:00', null, '2016-04-17 23:24:24', '1', null, '0', '8', '4');
INSERT INTO `tc_activity_log` VALUES ('96', '13', '2016-01-21 09:19:00', '2016-01-21 12:23:00', null, '2016-04-17 23:24:25', '1', null, '0', '8', '4');
INSERT INTO `tc_activity_log` VALUES ('97', '13', '2016-01-21 13:00:00', '2016-01-21 17:20:00', null, '2016-04-17 23:24:26', '1', null, '0', '8', '4');
INSERT INTO `tc_activity_log` VALUES ('98', '13', '2016-01-22 07:46:00', '2016-01-22 13:55:00', null, '2016-04-17 23:24:26', '1', null, '0', '8', '4');
INSERT INTO `tc_activity_log` VALUES ('99', '13', '2016-01-23 07:50:00', '2016-01-23 13:33:00', null, '2016-04-17 23:24:28', '1', null, '0', '8', '4');
INSERT INTO `tc_activity_log` VALUES ('100', '14', '2016-01-11 07:51:00', '2016-01-11 11:56:00', null, '2016-04-17 23:31:54', '1', null, '0', '6', '4');
INSERT INTO `tc_activity_log` VALUES ('101', '14', '2016-01-11 12:57:00', '2016-01-11 17:34:00', null, '2016-04-17 23:33:05', '1', null, '0', '6', '4');
INSERT INTO `tc_activity_log` VALUES ('102', '14', '2016-01-12 07:45:00', '2016-01-12 12:04:00', null, '2016-04-17 23:33:06', '1', null, '0', '6', '4');
INSERT INTO `tc_activity_log` VALUES ('103', '14', '2016-01-12 13:02:00', '2016-01-12 17:10:00', null, '2016-04-17 23:33:07', '1', null, '0', '6', '4');
INSERT INTO `tc_activity_log` VALUES ('104', '14', '2016-01-13 09:51:00', '2016-01-13 18:13:00', null, '2016-04-17 23:33:07', '1', null, '0', '6', '4');
INSERT INTO `tc_activity_log` VALUES ('105', '14', '2016-01-14 07:50:00', '2016-01-14 12:02:00', null, '2016-04-17 23:33:08', '1', null, '0', '6', '4');
INSERT INTO `tc_activity_log` VALUES ('106', '14', '2016-01-14 12:57:00', '2016-01-14 17:06:00', null, '2016-04-17 23:33:09', '1', null, '0', '6', '4');
INSERT INTO `tc_activity_log` VALUES ('107', '14', '2016-01-15 07:48:00', '2016-01-15 12:14:00', null, '2016-04-17 23:33:09', '1', null, '0', '6', '4');
INSERT INTO `tc_activity_log` VALUES ('108', '14', '2016-01-18 07:45:00', '2016-01-18 11:55:00', null, '2016-04-17 23:33:10', '1', null, '0', '6', '4');
INSERT INTO `tc_activity_log` VALUES ('109', '14', '2016-01-18 13:02:00', '2016-01-18 16:08:00', null, '2016-04-17 23:33:11', '1', null, '0', '6', '4');
INSERT INTO `tc_activity_log` VALUES ('110', '14', '2016-01-19 07:53:00', '2016-01-19 12:07:00', null, '2016-04-17 23:33:11', '1', null, '0', '6', '4');
INSERT INTO `tc_activity_log` VALUES ('111', '14', '2016-01-19 13:02:00', '2016-01-19 16:36:00', null, '2016-04-17 23:33:12', '1', null, '0', '6', '4');
INSERT INTO `tc_activity_log` VALUES ('112', '14', '2016-01-20 09:55:00', '2016-01-20 11:59:00', null, '2016-04-17 23:33:13', '1', null, '0', '6', '4');
INSERT INTO `tc_activity_log` VALUES ('113', '14', '2016-01-20 13:00:00', '2016-01-20 17:32:00', null, '2016-04-17 23:33:13', '1', null, '0', '6', '4');
INSERT INTO `tc_activity_log` VALUES ('114', '14', '2016-01-21 07:49:00', '2016-01-21 12:06:00', null, '2016-04-17 23:33:14', '1', null, '0', '6', '4');
INSERT INTO `tc_activity_log` VALUES ('115', '14', '2016-01-21 12:59:00', '2016-01-21 17:15:00', null, '2016-04-17 23:33:15', '1', null, '0', '6', '4');
INSERT INTO `tc_activity_log` VALUES ('116', '14', '2016-01-23 07:47:00', '2016-01-23 13:20:00', null, '2016-04-17 23:33:18', '1', null, '0', '6', '4');
INSERT INTO `tc_activity_log` VALUES ('117', '16', '2016-01-11 07:53:00', '2016-01-11 12:10:00', null, '2016-04-17 23:44:21', '1', null, '0', '8', '4');
INSERT INTO `tc_activity_log` VALUES ('118', '16', '2016-01-11 13:07:00', '2016-01-11 17:01:00', null, '2016-04-17 23:44:23', '1', null, '0', '8', '4');
INSERT INTO `tc_activity_log` VALUES ('119', '16', '2016-01-12 07:51:00', '2016-01-12 13:16:00', null, '2016-04-17 23:44:25', '1', null, '0', '8', '4');
INSERT INTO `tc_activity_log` VALUES ('120', '16', '2016-01-12 14:16:00', '2016-01-12 17:15:00', null, '2016-04-17 23:44:26', '1', null, '0', '8', '4');
INSERT INTO `tc_activity_log` VALUES ('121', '16', '2016-01-13 07:48:00', '2016-01-13 17:19:00', null, '2016-04-17 23:44:27', '1', null, '0', '8', '4');
INSERT INTO `tc_activity_log` VALUES ('122', '16', '2016-01-14 07:47:00', '2016-01-14 12:16:00', null, '2016-04-17 23:44:28', '1', null, '0', '8', '4');
INSERT INTO `tc_activity_log` VALUES ('123', '16', '2016-01-14 13:23:00', '2016-01-14 16:55:00', null, '2016-04-17 23:44:28', '1', null, '0', '8', '4');
INSERT INTO `tc_activity_log` VALUES ('124', '16', '2016-01-15 07:51:00', '2016-01-15 12:25:00', null, '2016-04-17 23:44:29', '1', null, '0', '8', '4');
INSERT INTO `tc_activity_log` VALUES ('125', '16', '2016-01-18 07:43:00', '2016-01-18 12:33:00', null, '2016-04-17 23:44:30', '1', null, '0', '8', '4');
INSERT INTO `tc_activity_log` VALUES ('126', '16', '2016-01-18 13:36:00', '2016-01-18 17:15:00', null, '2016-04-17 23:44:30', '1', null, '0', '8', '4');
INSERT INTO `tc_activity_log` VALUES ('127', '16', '2016-01-19 07:44:00', '2016-01-19 12:11:00', null, '2016-04-17 23:44:31', '1', null, '0', '8', '4');
INSERT INTO `tc_activity_log` VALUES ('128', '16', '2016-01-19 13:06:00', '2016-01-19 17:55:00', null, '2016-04-17 23:44:32', '1', null, '0', '8', '4');
INSERT INTO `tc_activity_log` VALUES ('129', '16', '2016-01-20 08:59:00', '2016-01-20 12:06:00', null, '2016-04-17 23:44:33', '1', null, '0', '8', '4');
INSERT INTO `tc_activity_log` VALUES ('130', '16', '2016-01-20 13:14:00', '2016-01-20 17:24:00', null, '2016-04-17 23:44:34', '1', null, '0', '8', '4');
INSERT INTO `tc_activity_log` VALUES ('131', '16', '2016-01-21 07:46:00', '2016-01-21 11:59:00', null, '2016-04-17 23:44:35', '1', null, '0', '8', '4');
INSERT INTO `tc_activity_log` VALUES ('132', '16', '2016-01-22 07:50:00', '2016-01-22 12:44:00', null, '2016-04-17 23:44:35', '1', null, '0', '8', '4');
INSERT INTO `tc_activity_log` VALUES ('133', '16', '2016-01-23 07:44:00', '2016-01-23 13:23:00', null, '2016-04-17 23:44:38', '1', null, '0', '8', '4');
INSERT INTO `tc_activity_log` VALUES ('134', '15', '2016-01-11 07:55:00', '2016-01-11 11:40:00', null, '2016-04-17 23:55:17', '1', null, '0', '6', '4');
INSERT INTO `tc_activity_log` VALUES ('135', '15', '2016-01-11 13:16:00', '2016-01-11 16:47:00', null, '2016-04-17 23:55:18', '1', null, '0', '6', '4');
INSERT INTO `tc_activity_log` VALUES ('136', '15', '2016-01-15 07:39:00', '2016-01-15 12:23:00', null, '2016-04-17 23:55:18', '1', null, '0', '6', '4');
INSERT INTO `tc_activity_log` VALUES ('137', '15', '2016-01-15 14:03:00', '2016-01-15 16:36:00', null, '2016-04-17 23:55:19', '1', null, '0', '6', '4');
INSERT INTO `tc_activity_log` VALUES ('138', '15', '2016-01-16 07:49:00', '2016-01-16 12:34:00', null, '2016-04-17 23:55:19', '1', null, '0', '6', '4');
INSERT INTO `tc_activity_log` VALUES ('139', '15', '2016-01-18 07:38:00', '2016-01-18 11:47:00', null, '2016-04-17 23:55:20', '1', null, '0', '6', '4');
INSERT INTO `tc_activity_log` VALUES ('140', '15', '2016-01-18 13:03:00', '2016-01-18 16:39:00', null, '2016-04-17 23:55:20', '1', null, '0', '6', '4');
INSERT INTO `tc_activity_log` VALUES ('141', '15', '2016-01-22 07:52:00', '2016-01-22 12:34:00', null, '2016-04-17 23:55:39', '1', null, '0', '6', '4');
INSERT INTO `tc_activity_log` VALUES ('142', '15', '2016-01-22 13:27:00', '2016-01-22 16:05:00', null, '2016-04-17 23:55:41', '1', null, '0', '6', '4');
INSERT INTO `tc_activity_log` VALUES ('143', '9', '2016-01-25 07:28:00', '2016-01-25 11:58:00', null, '2016-04-21 03:24:44', '1', null, '0', '8', '4');
INSERT INTO `tc_activity_log` VALUES ('144', '9', '2016-01-25 12:28:00', '2016-01-25 16:30:00', null, '2016-04-21 03:24:44', '1', null, '0', '8', '4');
INSERT INTO `tc_activity_log` VALUES ('145', '9', '2016-01-26 07:28:00', '2016-01-26 11:34:00', null, '2016-04-21 03:24:44', '1', null, '0', '8', '4');
INSERT INTO `tc_activity_log` VALUES ('146', '9', '2016-01-26 12:03:00', '2016-01-26 17:30:00', null, '2016-04-21 03:24:44', '1', null, '0', '8', '4');
INSERT INTO `tc_activity_log` VALUES ('147', '9', '2016-01-27 09:45:00', '2016-01-27 13:00:00', null, '2016-04-21 03:24:44', '1', null, '0', '8', '4');
INSERT INTO `tc_activity_log` VALUES ('148', '9', '2016-01-27 13:29:00', '2016-01-27 19:08:00', null, '2016-04-21 03:24:44', '1', null, '0', '8', '4');
INSERT INTO `tc_activity_log` VALUES ('149', '9', '2016-01-28 07:28:00', '2016-01-28 10:59:00', null, '2016-04-21 03:24:44', '1', null, '0', '8', '4');
INSERT INTO `tc_activity_log` VALUES ('150', '9', '2016-01-28 11:29:00', '2016-01-28 14:30:00', null, '2016-04-21 03:24:44', '1', null, '0', '8', '4');
INSERT INTO `tc_activity_log` VALUES ('151', '9', '2016-01-29 07:29:00', '2016-01-29 11:59:00', null, '2016-04-21 03:24:44', '1', null, '0', '8', '4');
INSERT INTO `tc_activity_log` VALUES ('152', '9', '2016-01-29 12:28:00', '2016-01-29 15:59:00', null, '2016-04-21 03:24:44', '1', null, '0', '8', '4');
INSERT INTO `tc_activity_log` VALUES ('153', '9', '2016-02-01 07:28:00', '2016-02-01 10:58:00', null, '2016-04-21 03:24:44', '1', null, '0', '8', '4');
INSERT INTO `tc_activity_log` VALUES ('154', '9', '2016-02-01 11:27:00', '2016-02-01 16:30:00', null, '2016-04-21 03:24:44', '1', null, '0', '8', '4');
INSERT INTO `tc_activity_log` VALUES ('155', '9', '2016-02-02 07:27:00', '2016-02-02 12:44:00', null, '2016-04-21 03:24:44', '1', null, '0', '8', '4');
INSERT INTO `tc_activity_log` VALUES ('156', '9', '2016-02-02 13:14:00', '2016-02-02 16:59:00', null, '2016-04-21 03:24:44', '1', null, '0', '8', '4');
INSERT INTO `tc_activity_log` VALUES ('157', '9', '2016-02-03 06:45:00', '2016-02-03 11:30:00', null, '2016-04-21 03:24:44', '1', null, '0', '8', '4');
INSERT INTO `tc_activity_log` VALUES ('158', '9', '2016-02-03 12:01:00', '2016-02-03 15:33:00', null, '2016-04-21 03:24:44', '1', null, '0', '8', '4');
INSERT INTO `tc_activity_log` VALUES ('159', '9', '2016-02-04 07:23:00', '2016-02-04 12:22:00', null, '2016-04-21 03:24:44', '1', null, '0', '8', '4');
INSERT INTO `tc_activity_log` VALUES ('160', '9', '2016-02-04 12:48:00', '2016-02-04 16:11:00', null, '2016-04-21 03:24:44', '1', null, '0', '8', '4');
INSERT INTO `tc_activity_log` VALUES ('161', '9', '2016-02-05 07:29:00', '2016-02-05 12:32:00', null, '2016-04-21 03:24:44', '1', null, '0', '8', '4');
INSERT INTO `tc_activity_log` VALUES ('162', '9', '2016-02-05 13:04:00', '2016-02-05 15:10:00', null, '2016-04-21 03:24:44', '1', null, '0', '8', '4');
INSERT INTO `tc_activity_log` VALUES ('163', '10', '2016-01-25 07:50:00', '2016-01-25 13:24:00', null, '2016-04-21 03:24:44', '1', null, '0', '7', '4');
INSERT INTO `tc_activity_log` VALUES ('164', '10', '2016-01-25 14:27:00', '2016-01-25 17:40:00', null, '2016-04-21 03:24:44', '1', null, '0', '7', '4');
INSERT INTO `tc_activity_log` VALUES ('165', '10', '2016-01-26 07:44:00', '2016-01-26 12:34:00', null, '2016-04-21 03:24:44', '1', null, '0', '7', '4');
INSERT INTO `tc_activity_log` VALUES ('166', '10', '2016-01-26 13:29:00', '2016-01-26 17:20:00', null, '2016-04-21 03:24:44', '1', null, '0', '7', '4');
INSERT INTO `tc_activity_log` VALUES ('167', '10', '2016-01-27 07:48:00', '2016-01-27 11:56:00', null, '2016-04-21 03:24:44', '1', null, '0', '7', '4');
INSERT INTO `tc_activity_log` VALUES ('168', '10', '2016-01-27 12:59:00', '2016-01-27 17:35:00', null, '2016-04-21 03:24:44', '1', null, '0', '7', '4');
INSERT INTO `tc_activity_log` VALUES ('169', '10', '2016-01-28 07:49:00', '2016-01-28 14:53:00', null, '2016-04-21 03:24:44', '1', null, '0', '7', '4');
INSERT INTO `tc_activity_log` VALUES ('170', '10', '2016-01-28 15:51:00', '2016-01-28 17:03:00', null, '2016-04-21 03:24:44', '1', null, '0', '7', '4');
INSERT INTO `tc_activity_log` VALUES ('171', '10', '2016-01-29 07:51:00', '2016-01-29 12:13:00', null, '2016-04-21 03:24:44', '1', null, '0', '7', '4');
INSERT INTO `tc_activity_log` VALUES ('172', '10', '2016-01-29 12:52:00', '2016-01-29 15:12:00', null, '2016-04-21 03:24:44', '1', null, '0', '7', '4');
INSERT INTO `tc_activity_log` VALUES ('173', '10', '2016-02-01 07:45:00', '2016-02-01 12:27:00', null, '2016-04-21 03:24:44', '1', null, '0', '7', '4');
INSERT INTO `tc_activity_log` VALUES ('174', '10', '2016-02-01 13:27:00', '2016-02-01 17:34:00', null, '2016-04-21 03:24:44', '1', null, '0', '7', '4');
INSERT INTO `tc_activity_log` VALUES ('175', '10', '2016-02-02 07:45:00', '2016-02-02 12:40:00', null, '2016-04-21 03:24:44', '1', null, '0', '7', '4');
INSERT INTO `tc_activity_log` VALUES ('176', '10', '2016-02-02 13:45:00', '2016-02-02 17:20:00', null, '2016-04-21 03:24:44', '1', null, '0', '7', '4');
INSERT INTO `tc_activity_log` VALUES ('177', '10', '2016-02-03 09:47:00', '2016-02-03 12:00:00', null, '2016-04-21 03:24:44', '1', null, '0', '7', '4');
INSERT INTO `tc_activity_log` VALUES ('178', '10', '2016-02-03 12:39:00', '2016-02-03 17:45:00', null, '2016-04-21 03:24:44', '1', null, '0', '7', '4');
INSERT INTO `tc_activity_log` VALUES ('179', '10', '2016-02-04 07:49:00', '2016-02-04 12:28:00', null, '2016-04-21 03:24:44', '1', null, '0', '7', '4');
INSERT INTO `tc_activity_log` VALUES ('180', '10', '2016-02-04 13:26:00', '2016-02-04 17:37:00', null, '2016-04-21 03:24:44', '1', null, '0', '7', '4');
INSERT INTO `tc_activity_log` VALUES ('181', '10', '2016-02-05 07:56:00', '2016-02-05 14:58:00', null, '2016-04-21 03:24:44', '1', null, '0', '7', '4');
INSERT INTO `tc_activity_log` VALUES ('182', '11', '2016-01-25 07:50:00', '2016-01-25 13:11:00', null, '2016-04-21 03:24:44', '1', null, '0', '7', '4');
INSERT INTO `tc_activity_log` VALUES ('183', '11', '2016-01-25 14:14:00', '2016-01-25 17:41:00', null, '2016-04-21 03:24:44', '1', null, '0', '7', '4');
INSERT INTO `tc_activity_log` VALUES ('184', '11', '2016-01-26 07:44:00', '2016-01-26 12:06:00', null, '2016-04-21 03:24:44', '1', null, '0', '7', '4');
INSERT INTO `tc_activity_log` VALUES ('185', '11', '2016-01-26 13:12:00', '2016-01-26 17:29:00', null, '2016-04-21 03:24:44', '1', null, '0', '7', '4');
INSERT INTO `tc_activity_log` VALUES ('186', '11', '2016-01-27 09:30:00', '2016-01-27 12:24:00', null, '2016-04-21 03:24:44', '1', null, '0', '7', '4');
INSERT INTO `tc_activity_log` VALUES ('187', '11', '2016-01-27 13:01:00', '2016-01-27 19:06:00', null, '2016-04-21 03:24:44', '1', null, '0', '7', '4');
INSERT INTO `tc_activity_log` VALUES ('188', '11', '2016-01-28 07:48:00', '2016-01-28 12:06:00', null, '2016-04-21 03:24:44', '1', null, '0', '7', '4');
INSERT INTO `tc_activity_log` VALUES ('189', '11', '2016-01-28 13:04:00', '2016-01-28 17:04:00', null, '2016-04-21 03:24:44', '1', null, '0', '7', '4');
INSERT INTO `tc_activity_log` VALUES ('190', '11', '2016-01-29 07:44:00', '2016-01-29 13:59:00', null, '2016-04-21 03:24:44', '1', null, '0', '7', '4');
INSERT INTO `tc_activity_log` VALUES ('191', '11', '2016-02-01 07:45:00', '2016-02-01 12:34:00', null, '2016-04-21 03:24:44', '1', null, '0', '7', '4');
INSERT INTO `tc_activity_log` VALUES ('192', '11', '2016-02-01 13:29:00', '2016-02-01 17:42:00', null, '2016-04-21 03:24:44', '1', null, '0', '7', '4');
INSERT INTO `tc_activity_log` VALUES ('193', '11', '2016-02-02 07:45:00', '2016-02-02 12:30:00', null, '2016-04-21 03:24:44', '1', null, '0', '7', '4');
INSERT INTO `tc_activity_log` VALUES ('194', '11', '2016-02-02 13:29:00', '2016-02-02 17:11:00', null, '2016-04-21 03:24:44', '1', null, '0', '7', '4');
INSERT INTO `tc_activity_log` VALUES ('195', '11', '2016-02-03 07:03:00', '2016-02-03 12:30:00', null, '2016-04-21 03:24:44', '1', null, '0', '7', '4');
INSERT INTO `tc_activity_log` VALUES ('196', '11', '2016-02-03 12:59:00', '2016-02-03 15:42:00', null, '2016-04-21 03:24:44', '1', null, '0', '7', '4');
INSERT INTO `tc_activity_log` VALUES ('197', '11', '2016-02-04 07:20:00', '2016-02-04 12:24:00', null, '2016-04-21 03:24:44', '1', null, '0', '7', '4');
INSERT INTO `tc_activity_log` VALUES ('198', '11', '2016-02-04 13:28:00', '2016-02-04 17:26:00', null, '2016-04-21 03:24:44', '1', null, '0', '7', '4');
INSERT INTO `tc_activity_log` VALUES ('199', '11', '2016-02-05 07:38:00', '2016-02-05 15:02:00', null, '2016-04-21 03:24:44', '1', null, '0', '7', '4');
INSERT INTO `tc_activity_log` VALUES ('200', '12', '2016-01-28 07:49:00', '2016-01-28 13:29:00', null, '2016-04-21 03:24:44', '1', null, '0', '8', '4');
INSERT INTO `tc_activity_log` VALUES ('201', '12', '2016-01-28 14:16:00', '2016-01-28 17:15:00', null, '2016-04-21 03:24:44', '1', null, '0', '8', '4');
INSERT INTO `tc_activity_log` VALUES ('202', '12', '2016-01-29 07:52:00', '2016-01-29 12:13:00', null, '2016-04-21 03:24:44', '1', null, '0', '8', '4');
INSERT INTO `tc_activity_log` VALUES ('203', '12', '2016-01-29 12:37:00', '2016-01-29 15:03:00', null, '2016-04-21 03:24:44', '1', null, '0', '8', '4');
INSERT INTO `tc_activity_log` VALUES ('204', '12', '2016-02-04 07:58:00', '2016-02-04 13:25:00', null, '2016-04-21 03:24:44', '1', null, '0', '8', '4');
INSERT INTO `tc_activity_log` VALUES ('205', '12', '2016-02-04 14:05:00', '2016-02-04 17:54:00', null, '2016-04-21 03:24:44', '1', null, '0', '8', '4');
INSERT INTO `tc_activity_log` VALUES ('206', '12', '2016-02-05 07:48:00', '2016-02-05 13:18:00', null, '2016-04-21 03:24:44', '1', null, '0', '8', '4');
INSERT INTO `tc_activity_log` VALUES ('207', '12', '2016-02-05 13:40:00', '2016-02-05 16:00:00', null, '2016-04-21 03:24:44', '1', null, '0', '8', '4');
INSERT INTO `tc_activity_log` VALUES ('208', '13', '2016-01-25 07:54:00', '2016-01-25 11:51:00', null, '2016-04-21 03:24:44', '1', null, '0', '8', '4');
INSERT INTO `tc_activity_log` VALUES ('209', '13', '2016-01-25 13:04:00', '2016-01-25 17:37:00', null, '2016-04-21 03:24:44', '1', null, '0', '8', '4');
INSERT INTO `tc_activity_log` VALUES ('210', '13', '2016-01-27 07:55:00', '2016-01-27 11:47:00', null, '2016-04-21 03:24:44', '1', null, '0', '8', '4');
INSERT INTO `tc_activity_log` VALUES ('211', '13', '2016-01-27 12:49:00', '2016-01-27 17:44:00', null, '2016-04-21 03:24:44', '1', null, '0', '8', '4');
INSERT INTO `tc_activity_log` VALUES ('212', '13', '2016-01-28 09:17:00', '2016-01-28 12:10:00', null, '2016-04-21 03:24:44', '1', null, '0', '8', '4');
INSERT INTO `tc_activity_log` VALUES ('213', '13', '2016-01-28 12:41:00', '2016-01-28 17:14:00', null, '2016-04-21 03:24:44', '1', null, '0', '8', '4');
INSERT INTO `tc_activity_log` VALUES ('214', '13', '2016-01-29 07:51:00', '2016-01-29 12:48:00', null, '2016-04-21 03:24:44', '1', null, '0', '8', '4');
INSERT INTO `tc_activity_log` VALUES ('215', '13', '2016-01-30 07:46:00', '2016-01-30 12:17:00', null, '2016-04-21 03:24:44', '1', null, '0', '8', '4');
INSERT INTO `tc_activity_log` VALUES ('216', '13', '2016-02-01 07:58:00', '2016-02-01 13:06:00', null, '2016-04-21 03:24:44', '1', null, '0', '8', '4');
INSERT INTO `tc_activity_log` VALUES ('217', '13', '2016-02-01 14:07:00', '2016-02-01 17:37:00', null, '2016-04-21 03:24:44', '1', null, '0', '8', '4');
INSERT INTO `tc_activity_log` VALUES ('218', '13', '2016-02-03 07:50:00', '2016-02-03 12:08:00', null, '2016-04-21 03:24:44', '1', null, '0', '8', '4');
INSERT INTO `tc_activity_log` VALUES ('219', '13', '2016-02-03 13:07:00', '2016-02-03 17:49:00', null, '2016-04-21 03:24:44', '1', null, '0', '8', '4');
INSERT INTO `tc_activity_log` VALUES ('220', '13', '2016-02-04 09:14:00', '2016-02-04 13:06:00', null, '2016-04-21 03:24:44', '1', null, '0', '8', '4');
INSERT INTO `tc_activity_log` VALUES ('221', '13', '2016-02-04 13:36:00', '2016-02-04 17:20:00', null, '2016-04-21 03:24:44', '1', null, '0', '8', '4');
INSERT INTO `tc_activity_log` VALUES ('222', '13', '2016-02-05 07:50:00', '2016-02-05 12:34:00', null, '2016-04-21 03:24:44', '1', null, '0', '8', '4');
INSERT INTO `tc_activity_log` VALUES ('223', '13', '2016-02-05 13:03:00', '2016-02-05 15:06:00', null, '2016-04-21 03:24:44', '1', null, '0', '8', '4');
INSERT INTO `tc_activity_log` VALUES ('224', '13', '2016-02-06 07:49:00', '2016-02-06 13:32:00', null, '2016-04-21 03:24:44', '1', null, '0', '8', '4');
INSERT INTO `tc_activity_log` VALUES ('225', '14', '2016-01-25 07:57:00', '2016-01-25 11:51:00', null, '2016-04-21 03:24:44', '1', null, '0', '6', '4');
INSERT INTO `tc_activity_log` VALUES ('226', '14', '2016-01-25 13:04:00', '2016-01-25 16:39:00', null, '2016-04-21 03:24:44', '1', null, '0', '6', '4');
INSERT INTO `tc_activity_log` VALUES ('227', '14', '2016-01-26 07:49:00', '2016-01-26 12:31:00', null, '2016-04-21 03:24:44', '1', null, '0', '6', '4');
INSERT INTO `tc_activity_log` VALUES ('228', '14', '2016-01-26 13:35:00', '2016-01-26 17:06:00', null, '2016-04-21 03:24:44', '1', null, '0', '6', '4');
INSERT INTO `tc_activity_log` VALUES ('229', '14', '2016-01-27 09:54:00', '2016-01-27 12:42:00', null, '2016-04-21 03:24:44', '1', null, '0', '6', '4');
INSERT INTO `tc_activity_log` VALUES ('230', '14', '2016-01-27 13:02:00', '2016-01-27 17:50:00', null, '2016-04-21 03:24:44', '1', null, '0', '6', '4');
INSERT INTO `tc_activity_log` VALUES ('231', '14', '2016-01-28 07:48:00', '2016-01-28 12:02:00', null, '2016-04-21 03:24:44', '1', null, '0', '6', '4');
INSERT INTO `tc_activity_log` VALUES ('232', '14', '2016-01-28 13:01:00', '2016-01-28 16:14:00', null, '2016-04-21 03:24:44', '1', null, '0', '6', '4');
INSERT INTO `tc_activity_log` VALUES ('233', '14', '2016-01-29 07:45:00', '2016-01-29 13:27:00', null, '2016-04-21 03:24:44', '1', null, '0', '6', '4');
INSERT INTO `tc_activity_log` VALUES ('234', '14', '2016-02-01 07:55:00', '2016-02-01 12:18:00', null, '2016-04-21 03:24:44', '1', null, '0', '6', '4');
INSERT INTO `tc_activity_log` VALUES ('235', '14', '2016-02-01 13:38:00', '2016-02-01 16:40:00', null, '2016-04-21 03:24:44', '1', null, '0', '6', '4');
INSERT INTO `tc_activity_log` VALUES ('236', '14', '2016-02-02 07:52:00', '2016-02-02 12:53:00', null, '2016-04-21 03:24:44', '1', null, '0', '6', '4');
INSERT INTO `tc_activity_log` VALUES ('237', '14', '2016-02-02 13:50:00', '2016-02-02 16:29:00', null, '2016-04-21 03:24:44', '1', null, '0', '6', '4');
INSERT INTO `tc_activity_log` VALUES ('238', '14', '2016-02-03 09:52:00', '2016-02-03 12:47:00', null, '2016-04-21 03:24:44', '1', null, '0', '6', '4');
INSERT INTO `tc_activity_log` VALUES ('239', '14', '2016-02-03 13:49:00', '2016-02-03 17:19:00', null, '2016-04-21 03:24:44', '1', null, '0', '6', '4');
INSERT INTO `tc_activity_log` VALUES ('240', '14', '2016-02-04 07:48:00', '2016-02-04 13:32:00', null, '2016-04-21 03:24:44', '1', null, '0', '6', '4');
INSERT INTO `tc_activity_log` VALUES ('241', '14', '2016-02-04 14:08:00', '2016-02-04 17:05:00', null, '2016-04-21 03:24:44', '1', null, '0', '6', '4');
INSERT INTO `tc_activity_log` VALUES ('242', '14', '2016-02-06 07:55:00', '2016-02-06 12:58:00', null, '2016-04-21 03:24:44', '1', null, '0', '6', '4');
INSERT INTO `tc_activity_log` VALUES ('243', '16', '2016-01-25 07:37:00', '2016-01-25 12:40:00', null, '2016-04-21 03:24:44', '1', null, '0', '8', '4');
INSERT INTO `tc_activity_log` VALUES ('244', '16', '2016-01-25 13:43:00', '2016-01-25 17:42:00', null, '2016-04-21 03:24:44', '1', null, '0', '8', '4');
INSERT INTO `tc_activity_log` VALUES ('245', '16', '2016-01-26 07:47:00', '2016-01-26 12:38:00', null, '2016-04-21 03:24:44', '1', null, '0', '8', '4');
INSERT INTO `tc_activity_log` VALUES ('246', '16', '2016-01-26 13:26:00', '2016-01-26 17:14:00', null, '2016-04-21 03:24:44', '1', null, '0', '8', '4');
INSERT INTO `tc_activity_log` VALUES ('247', '16', '2016-01-27 06:49:00', '2016-01-27 12:14:00', null, '2016-04-21 03:24:44', '1', null, '0', '8', '4');
INSERT INTO `tc_activity_log` VALUES ('248', '16', '2016-01-27 13:15:00', '2016-01-27 14:57:00', null, '2016-04-21 03:24:44', '1', null, '0', '8', '4');
INSERT INTO `tc_activity_log` VALUES ('249', '16', '2016-01-28 07:44:00', '2016-01-28 09:35:00', null, '2016-04-21 03:24:44', '1', null, '0', '8', '4');
INSERT INTO `tc_activity_log` VALUES ('250', '16', '2016-01-29 07:52:00', '2016-01-29 12:18:00', null, '2016-04-21 03:24:44', '1', null, '0', '8', '4');
INSERT INTO `tc_activity_log` VALUES ('251', '16', '2016-01-30 07:46:00', '2016-01-30 13:17:00', null, '2016-04-21 03:24:44', '1', null, '0', '8', '4');
INSERT INTO `tc_activity_log` VALUES ('252', '16', '2016-02-01 07:51:00', '2016-02-01 12:14:00', null, '2016-04-21 03:24:44', '1', null, '0', '8', '4');
INSERT INTO `tc_activity_log` VALUES ('253', '16', '2016-02-01 13:08:00', '2016-02-01 17:23:00', null, '2016-04-21 03:24:44', '1', null, '0', '8', '4');
INSERT INTO `tc_activity_log` VALUES ('254', '16', '2016-02-02 07:50:00', '2016-02-02 12:00:00', null, '2016-04-21 03:24:44', '1', null, '0', '8', '4');
INSERT INTO `tc_activity_log` VALUES ('255', '16', '2016-02-02 13:05:00', '2016-02-02 17:01:00', null, '2016-04-21 03:24:44', '1', null, '0', '8', '4');
INSERT INTO `tc_activity_log` VALUES ('256', '16', '2016-02-03 07:49:00', '2016-02-03 12:14:00', null, '2016-04-21 03:24:44', '1', null, '0', '8', '4');
INSERT INTO `tc_activity_log` VALUES ('257', '16', '2016-02-03 13:27:00', '2016-02-03 17:15:00', null, '2016-04-21 03:24:44', '1', null, '0', '8', '4');
INSERT INTO `tc_activity_log` VALUES ('258', '16', '2016-02-04 07:43:00', '2016-02-04 11:28:00', null, '2016-04-21 03:24:44', '1', null, '0', '8', '4');
INSERT INTO `tc_activity_log` VALUES ('259', '16', '2016-02-04 11:49:00', '2016-02-04 11:55:00', null, '2016-04-21 03:24:44', '1', null, '0', '8', '4');
INSERT INTO `tc_activity_log` VALUES ('260', '16', '2016-02-05 07:47:00', '2016-02-05 12:02:00', null, '2016-04-21 03:24:44', '1', null, '0', '8', '4');
INSERT INTO `tc_activity_log` VALUES ('261', '16', '2016-02-06 07:47:00', '2016-02-06 13:50:00', null, '2016-04-21 03:24:44', '1', null, '0', '8', '4');
INSERT INTO `tc_activity_log` VALUES ('262', '15', '2016-01-25 07:49:00', '2016-01-25 11:41:00', null, '2016-04-21 03:24:44', '1', null, '0', '6', '4');
INSERT INTO `tc_activity_log` VALUES ('263', '15', '2016-01-25 13:09:00', '2016-01-25 16:32:00', null, '2016-04-21 03:24:44', '1', null, '0', '6', '4');
INSERT INTO `tc_activity_log` VALUES ('264', '15', '2016-01-29 07:52:00', '2016-01-29 12:16:00', null, '2016-04-21 03:24:44', '1', null, '0', '6', '4');
INSERT INTO `tc_activity_log` VALUES ('265', '15', '2016-01-29 13:00:00', '2016-01-29 15:34:00', null, '2016-04-21 03:24:44', '1', null, '0', '6', '4');
INSERT INTO `tc_activity_log` VALUES ('266', '15', '2016-02-01 07:48:00', '2016-02-01 12:12:00', null, '2016-04-21 03:24:44', '1', null, '0', '6', '4');
INSERT INTO `tc_activity_log` VALUES ('267', '15', '2016-02-01 13:42:00', '2016-02-01 15:02:00', null, '2016-04-21 03:24:44', '1', null, '0', '6', '4');
INSERT INTO `tc_activity_log` VALUES ('268', '15', '2016-02-03 06:53:00', '2016-02-03 12:48:00', null, '2016-04-21 03:24:44', '1', null, '0', '6', '4');
INSERT INTO `tc_activity_log` VALUES ('269', '15', '2016-02-05 07:42:00', '2016-02-05 12:38:00', null, '2016-04-21 03:24:44', '1', null, '0', '6', '4');
INSERT INTO `tc_activity_log` VALUES ('270', '15', '2016-02-05 13:46:00', '2016-02-05 15:45:00', null, '2016-04-21 03:24:44', '1', null, '0', '6', '4');
INSERT INTO `tc_activity_log` VALUES ('271', '8', '2016-05-23 20:53:00', '2016-05-23 23:58:00', '', '2016-05-23 22:53:50', '1', null, '0', '7', '4');
INSERT INTO `tc_activity_log` VALUES ('272', '10', '2016-05-23 08:00:00', '2016-05-23 12:42:00', 0x466F72676F7420746F20636C6F636B20696E20666F7220746865206461792E, '2016-05-23 22:57:53', '1', null, '0', '7', '4');
INSERT INTO `tc_activity_log` VALUES ('273', '8', '2016-06-03 01:32:00', null, null, '2016-06-03 03:32:35', '0', null, '0', '7', '4');
INSERT INTO `tc_activity_log` VALUES ('275', '8', '2016-06-17 16:42:00', '2016-06-17 16:45:00', null, '2016-06-17 18:42:41', '1', null, '0', '7', '4');
INSERT INTO `tc_activity_log` VALUES ('276', '10', '2016-06-17 09:00:00', null, '', '2016-06-17 18:43:48', '0', null, '0', '7', '4');
INSERT INTO `tc_activity_log` VALUES ('277', '10', '2016-06-18 09:00:00', '2016-06-18 19:00:00', null, '2016-06-19 18:43:48', '0', null, '0', '7', '4');
INSERT INTO `tc_activity_log` VALUES ('278', '8', '2016-07-15 15:05:00', null, null, '2016-07-15 15:05:19', '0', null, '0', '7', '4');

-- ----------------------------
-- Table structure for `tc_company`
-- ----------------------------
DROP TABLE IF EXISTS `tc_company`;
CREATE TABLE `tc_company` (
  `id` int(11) NOT NULL AUTO_INCREMENT,
  `name` varchar(255) COLLATE utf8_bin NOT NULL,
  `email` varchar(255) COLLATE utf8_bin DEFAULT NULL,
  `phone` varchar(255) COLLATE utf8_bin DEFAULT NULL,
  `address` varchar(255) COLLATE utf8_bin DEFAULT NULL,
  `paid_time_available` int(11) DEFAULT NULL,
  `renewal_date` varchar(255) COLLATE utf8_bin DEFAULT NULL,
  `sick_fixed_accrued` tinyint(4) DEFAULT '0',
  `sick_fixed_pay` int(11) DEFAULT '0',
  `sick_fixed_rollover` tinyint(4) DEFAULT '0',
  `sick_fixed_rollover_pay` int(11) DEFAULT '0',
  `sick_fixed_max_hours` int(11) DEFAULT '0',
  `sick_accrue_hour` int(11) DEFAULT '0',
  `sick_accrue_per_hour` int(11) DEFAULT '0',
  `sick_accrue_rollover` tinyint(4) DEFAULT '0',
  `sick_accrue_rollover_pay` int(11) DEFAULT '0',
  `sick_accrue_max_hours` int(11) DEFAULT '0',
  `vacation_fixed_accrued` tinyint(4) DEFAULT '0',
  `vacation_fixed_pay` int(11) DEFAULT '0',
  `vacation_fixed_rollover` tinyint(4) DEFAULT '0',
  `vacation_fixed_rollover_pay` int(11) DEFAULT '0',
  `vacation_fixed_max_hours` int(11) DEFAULT '0',
  `vacation_accrue_hour` int(11) DEFAULT '0',
  `vacation_accrue_per_hour` int(11) DEFAULT '0',
  `vacation_accrue_rollover` tinyint(4) DEFAULT '0',
  `vacation_accrue_rollover_pay` int(11) DEFAULT '0',
  `vacation_accrue_max_hours` int(11) DEFAULT '0',
  `pay_period` varchar(255) COLLATE utf8_bin DEFAULT NULL,
  `start_on` date DEFAULT NULL,
  `end_on` tinyint(4) DEFAULT NULL,
  `over_time` varchar(255) COLLATE utf8_bin DEFAULT NULL,
  `date_created` timestamp NULL DEFAULT CURRENT_TIMESTAMP,
  `weekly_holiday` varchar(255) COLLATE utf8_bin DEFAULT NULL,
  PRIMARY KEY (`id`)
) ENGINE=InnoDB AUTO_INCREMENT=33 DEFAULT CHARSET=utf8 COLLATE=utf8_bin;

-- ----------------------------
-- Records of tc_company
-- ----------------------------
INSERT INTO `tc_company` VALUES ('1', 'Application', 'app@app.com', '555588', '', '50', null, null, null, '0', null, null, null, null, '0', null, null, '0', null, '0', null, null, null, null, '0', null, null, null, '2015-08-01', null, null, '2015-08-01 10:43:11', null);
INSERT INTO `tc_company` VALUES ('2', 'Company1', 'company@company.com', '0123456', 'address', '120', '2016-01-01', '0', '120', '1', '60', '180', null, null, '0', null, null, '0', '60', '1', '30', '120', null, null, '0', null, null, '5,6', '2015-06-07', null, '0', '2015-07-01 10:43:11', 'fri,sat');
INSERT INTO `tc_company` VALUES ('3', 'Company2', '', '', '', '50', '2016-08-20', '1', null, '0', null, null, '1', '24', '1', '30', '120', '0', '120', '0', '0', '120', null, null, '0', null, null, '5', '2015-07-10', null, '0,2', '2015-07-10 10:43:11', null);
INSERT INTO `tc_company` VALUES ('4', 'Test', 'test@test.com', null, null, null, null, '0', '100', '1', '50', '150', '0', '0', '0', '0', '0', '0', '210', '1', '40', '250', '0', '0', '0', '0', '0', '1,5,6', '1998-04-01', null, '0', '2016-04-15 05:01:28', 'sun,sat');

-- ----------------------------
-- Table structure for `tc_company_expansion`
-- ----------------------------
DROP TABLE IF EXISTS `tc_company_expansion`;
CREATE TABLE `tc_company_expansion` (
  `id` int(11) NOT NULL AUTO_INCREMENT,
  `company_id` int(11) DEFAULT NULL,
  `years` int(11) DEFAULT NULL,
  `hours` int(11) DEFAULT NULL,
  PRIMARY KEY (`id`),
  KEY `company_id` (`company_id`),
  CONSTRAINT `tc_company_expansion_ibfk_1` FOREIGN KEY (`company_id`) REFERENCES `tc_company` (`id`) ON DELETE CASCADE
) ENGINE=InnoDB AUTO_INCREMENT=38 DEFAULT CHARSET=utf8 COLLATE=utf8_bin;

-- ----------------------------
-- Records of tc_company_expansion
-- ----------------------------
INSERT INTO `tc_company_expansion` VALUES ('34', '2', '2', '150');
INSERT INTO `tc_company_expansion` VALUES ('35', '2', '5', '180');

-- ----------------------------
-- Table structure for `tc_department`
-- ----------------------------
DROP TABLE IF EXISTS `tc_department`;
CREATE TABLE `tc_department` (
  `id` int(11) NOT NULL AUTO_INCREMENT,
  `name` varchar(255) COLLATE utf8_bin DEFAULT NULL,
  `code` varchar(255) COLLATE utf8_bin DEFAULT NULL,
  `in_time` time DEFAULT NULL,
  `out_time` time DEFAULT NULL,
  `company_id` int(11) DEFAULT NULL,
  PRIMARY KEY (`id`),
  KEY `company_id` (`company_id`),
  CONSTRAINT `tc_department_ibfk_1` FOREIGN KEY (`company_id`) REFERENCES `tc_company` (`id`) ON DELETE CASCADE
) ENGINE=InnoDB AUTO_INCREMENT=36 DEFAULT CHARSET=utf8 COLLATE=utf8_bin;

-- ----------------------------
-- Records of tc_department
-- ----------------------------
INSERT INTO `tc_department` VALUES ('1', 'App Admin', '', '00:00:00', '00:00:00', '1');
INSERT INTO `tc_department` VALUES ('2', 'Department1', '01', '09:00:00', '17:00:00', '2');
INSERT INTO `tc_department` VALUES ('3', '2Department1', 'a1', '09:00:00', '16:00:00', '3');
INSERT INTO `tc_department` VALUES ('4', 'Department 2', '02', '09:00:00', '18:00:00', '2');
INSERT INTO `tc_department` VALUES ('5', 'Doctor', 'DC01', '09:00:00', '17:00:00', '4');
INSERT INTO `tc_department` VALUES ('6', 'Hygiene', 'HG01', '09:00:00', '17:00:00', '4');
INSERT INTO `tc_department` VALUES ('7', 'Back Office', 'BO01', '09:00:00', '17:00:00', '4');
INSERT INTO `tc_department` VALUES ('8', 'Front Office', 'FO01', '09:00:00', '17:00:00', '4');
INSERT INTO `tc_department` VALUES ('9', 'Management', 'MG01', '09:00:00', '17:00:00', '4');

-- ----------------------------
-- Table structure for `tc_faq`
-- ----------------------------
DROP TABLE IF EXISTS `tc_faq`;
CREATE TABLE `tc_faq` (
  `id` int(11) NOT NULL AUTO_INCREMENT,
  `name` varchar(255) COLLATE utf8_bin DEFAULT NULL,
  `description` text COLLATE utf8_bin,
  PRIMARY KEY (`id`)
) ENGINE=InnoDB AUTO_INCREMENT=2 DEFAULT CHARSET=utf8 COLLATE=utf8_bin;

-- ----------------------------
-- Records of tc_faq
-- ----------------------------
INSERT INTO `tc_faq` VALUES ('1', 'test', 0x4C6F72656D20697073756D20697320612073696D706C652064756D6D7920646174612E2E2E2E2E2E);

-- ----------------------------
-- Table structure for `tc_page`
-- ----------------------------
DROP TABLE IF EXISTS `tc_page`;
CREATE TABLE `tc_page` (
  `id` int(11) NOT NULL AUTO_INCREMENT,
  `title` varchar(255) COLLATE utf8_bin NOT NULL,
  `details` text COLLATE utf8_bin NOT NULL,
  `slug` varchar(255) COLLATE utf8_bin NOT NULL,
  PRIMARY KEY (`id`)
) ENGINE=InnoDB AUTO_INCREMENT=2 DEFAULT CHARSET=utf8 COLLATE=utf8_bin;

-- ----------------------------
-- Records of tc_page
-- ----------------------------
INSERT INTO `tc_page` VALUES ('1', 'Terms and Conditions', 0x3C703E0D0A095465726D7320616E6420636F6E646974696F6E732E3C2F703E0D0A, 'terms-and-conditions');

-- ----------------------------
-- Table structure for `tc_paid_holiday`
-- ----------------------------
DROP TABLE IF EXISTS `tc_paid_holiday`;
CREATE TABLE `tc_paid_holiday` (
  `id` int(11) NOT NULL AUTO_INCREMENT,
  `name` varchar(255) COLLATE utf8_bin NOT NULL,
  `company_id` int(11) NOT NULL,
  `day` varchar(255) COLLATE utf8_bin DEFAULT NULL,
  `month` varchar(255) COLLATE utf8_bin DEFAULT NULL,
  `day_month` varchar(255) COLLATE utf8_bin DEFAULT NULL,
  PRIMARY KEY (`id`),
  KEY `company_id` (`company_id`),
  CONSTRAINT `tc_paid_holiday_ibfk_1` FOREIGN KEY (`company_id`) REFERENCES `tc_company` (`id`) ON DELETE CASCADE ON UPDATE CASCADE
) ENGINE=InnoDB AUTO_INCREMENT=51 DEFAULT CHARSET=utf8 COLLATE=utf8_bin;

-- ----------------------------
-- Records of tc_paid_holiday
-- ----------------------------
INSERT INTO `tc_paid_holiday` VALUES ('1', 'Christmas', '1', '25', '12', '25-12');
INSERT INTO `tc_paid_holiday` VALUES ('2', 'Thanksgiving', '1', '07', '01', '07-01');
INSERT INTO `tc_paid_holiday` VALUES ('3', 'Independence Day', '1', '10', '01', '10-01');
INSERT INTO `tc_paid_holiday` VALUES ('4', 'President\'s Day', '1', '15', '03', '15-03');
INSERT INTO `tc_paid_holiday` VALUES ('5', 'Labor Day', '1', '21', '03', '21-03');
INSERT INTO `tc_paid_holiday` VALUES ('6', 'Memorial Day', '1', '06', '04', '06-04');
INSERT INTO `tc_paid_holiday` VALUES ('7', 'Martin Luther King Jr. Day', '1', '19', '07', '19-07');
INSERT INTO `tc_paid_holiday` VALUES ('8', 'New Year\'s Day', '1', '01', '01', '01-01');
INSERT INTO `tc_paid_holiday` VALUES ('9', 'Columbus Day', '1', '29', '09', '29-09');
INSERT INTO `tc_paid_holiday` VALUES ('10', 'Veteran\'s Day', '1', '29', '11', '29-11');
INSERT INTO `tc_paid_holiday` VALUES ('14', 'New Years Day', '4', '01', '01', '01-01');
INSERT INTO `tc_paid_holiday` VALUES ('15', 'Presidents Day', '4', '15', '02', '15-02');
INSERT INTO `tc_paid_holiday` VALUES ('16', 'Memorial Day', '4', '30', '05', '30-05');
INSERT INTO `tc_paid_holiday` VALUES ('17', 'Independence Day', '4', '04', '07', '04-07');
INSERT INTO `tc_paid_holiday` VALUES ('18', 'Labor Day', '4', '05', '09', '05-09');
INSERT INTO `tc_paid_holiday` VALUES ('19', 'Thanksgiving', '4', '24', '11', '24-11');
INSERT INTO `tc_paid_holiday` VALUES ('20', 'Christmas', '4', '25', '12', '25-12');
INSERT INTO `tc_paid_holiday` VALUES ('21', 'Christmas', '2', '25', '12', '25-12');
INSERT INTO `tc_paid_holiday` VALUES ('22', 'Thanksgiving', '2', '07', '01', '07-01');
INSERT INTO `tc_paid_holiday` VALUES ('23', 'Independence Day', '2', '10', '01', '10-01');
INSERT INTO `tc_paid_holiday` VALUES ('24', 'President\'s Day', '2', '15', '03', '15-03');
INSERT INTO `tc_paid_holiday` VALUES ('25', 'Labor Day', '2', '21', '03', '21-03');
INSERT INTO `tc_paid_holiday` VALUES ('26', 'Memorial Day', '2', '06', '04', '06-04');
INSERT INTO `tc_paid_holiday` VALUES ('27', 'Martin Luther King Jr. Day', '2', '19', '07', '19-07');
INSERT INTO `tc_paid_holiday` VALUES ('28', 'New Year\'s Day', '2', '01', '01', '01-01');
INSERT INTO `tc_paid_holiday` VALUES ('29', 'Columbus Day', '2', '29', '09', '29-09');
INSERT INTO `tc_paid_holiday` VALUES ('30', 'Veteran\'s Day', '2', '29', '11', '29-11');

-- ----------------------------
-- Table structure for `tc_pay_period`
-- ----------------------------
DROP TABLE IF EXISTS `tc_pay_period`;
CREATE TABLE `tc_pay_period` (
  `id` int(11) NOT NULL AUTO_INCREMENT,
  `name` varchar(255) COLLATE utf8_bin DEFAULT NULL,
  `period` int(11) DEFAULT NULL,
  `company_id` int(11) DEFAULT NULL,
  `period_in_days` int(11) DEFAULT NULL,
  PRIMARY KEY (`id`),
  KEY `company_id` (`company_id`),
  CONSTRAINT `tc_pay_period_ibfk_1` FOREIGN KEY (`company_id`) REFERENCES `tc_company` (`id`) ON DELETE CASCADE ON UPDATE CASCADE
) ENGINE=InnoDB AUTO_INCREMENT=14 DEFAULT CHARSET=utf8 COLLATE=utf8_bin;

-- ----------------------------
-- Records of tc_pay_period
-- ----------------------------
INSERT INTO `tc_pay_period` VALUES ('1', 'Weekly', '40', '2', '7');
INSERT INTO `tc_pay_period` VALUES ('5', 'Biweekly', '80', '2', '14');
INSERT INTO `tc_pay_period` VALUES ('6', 'Monthly', '160', '2', '28');
INSERT INTO `tc_pay_period` VALUES ('7', 'Default', '40', '4', '7');
INSERT INTO `tc_pay_period` VALUES ('8', 'Doctors', '40', '4', '7');

-- ----------------------------
-- Table structure for `tc_payroll`
-- ----------------------------
DROP TABLE IF EXISTS `tc_payroll`;
CREATE TABLE `tc_payroll` (
  `id` int(11) NOT NULL AUTO_INCREMENT,
  `time_from` date DEFAULT NULL,
  `time_to` date DEFAULT NULL,
  `status` tinyint(4) DEFAULT '0' COMMENT '0=pending, 1=approved, 2=declined',
  `date_created` timestamp NULL DEFAULT CURRENT_TIMESTAMP,
  `user_id` int(11) DEFAULT NULL COMMENT 'user created this payroll sheet',
  `company_id` int(11) DEFAULT NULL,
  PRIMARY KEY (`id`),
  KEY `user_id` (`user_id`),
  KEY `company_id` (`company_id`),
  CONSTRAINT `tc_payroll_ibfk_1` FOREIGN KEY (`user_id`) REFERENCES `tc_user` (`id`) ON DELETE CASCADE,
  CONSTRAINT `tc_payroll_ibfk_2` FOREIGN KEY (`company_id`) REFERENCES `tc_company` (`id`) ON DELETE CASCADE
) ENGINE=InnoDB AUTO_INCREMENT=11 DEFAULT CHARSET=utf8 COLLATE=utf8_bin;

-- ----------------------------
-- Records of tc_payroll
-- ----------------------------
INSERT INTO `tc_payroll` VALUES ('1', '2015-08-01', '2015-08-31', '1', '2015-09-16 23:02:51', '3', '2');
INSERT INTO `tc_payroll` VALUES ('2', '2015-10-25', '2015-11-07', '1', '2015-11-10 12:33:32', '3', '2');
INSERT INTO `tc_payroll` VALUES ('3', '2015-11-07', '2015-11-21', '1', '2015-11-23 08:52:15', '3', '2');
INSERT INTO `tc_payroll` VALUES ('6', '2015-11-22', '2015-12-05', '1', '2015-12-07 14:21:57', '3', '2');
INSERT INTO `tc_payroll` VALUES ('7', '2015-12-20', '2016-01-02', '1', '2016-01-04 00:26:59', '3', '2');
INSERT INTO `tc_payroll` VALUES ('8', '2016-01-03', '2016-01-16', '1', '2016-01-19 01:05:47', '3', '2');
INSERT INTO `tc_payroll` VALUES ('9', '2016-01-31', '2016-02-13', '1', '2016-02-27 00:33:04', '3', '2');
INSERT INTO `tc_payroll` VALUES ('10', '2016-02-14', '2016-02-27', '1', '2016-02-28 15:25:05', '3', '2');

-- ----------------------------
-- Table structure for `tc_request_type`
-- ----------------------------
DROP TABLE IF EXISTS `tc_request_type`;
CREATE TABLE `tc_request_type` (
  `id` int(11) NOT NULL AUTO_INCREMENT,
  `name` varchar(255) COLLATE utf8_bin NOT NULL,
  `paid` tinyint(4) DEFAULT '0',
  `company_id` int(11) NOT NULL,
  `vacation_sick_leave` tinyint(4) DEFAULT '0' COMMENT '0=vacation, 1=sickleave',
  PRIMARY KEY (`id`),
  KEY `company_id` (`company_id`),
  CONSTRAINT `tc_request_type_ibfk_1` FOREIGN KEY (`company_id`) REFERENCES `tc_company` (`id`) ON DELETE CASCADE ON UPDATE CASCADE
) ENGINE=InnoDB AUTO_INCREMENT=15 DEFAULT CHARSET=utf8 COLLATE=utf8_bin;

-- ----------------------------
-- Records of tc_request_type
-- ----------------------------
INSERT INTO `tc_request_type` VALUES ('1', 'Holiday', '1', '2', '0');
INSERT INTO `tc_request_type` VALUES ('2', 'Vacation', '0', '2', '0');
INSERT INTO `tc_request_type` VALUES ('3', 'Sick Leave', '1', '3', '1');
INSERT INTO `tc_request_type` VALUES ('5', 'as', '0', '2', '0');
INSERT INTO `tc_request_type` VALUES ('6', 'Vacation Unpaid', '0', '4', '0');
INSERT INTO `tc_request_type` VALUES ('7', 'Vacation Paid', '1', '4', '0');
INSERT INTO `tc_request_type` VALUES ('8', 'Sick Paid', '1', '4', '1');
INSERT INTO `tc_request_type` VALUES ('9', 'Sick Unpaid', '0', '4', '1');
INSERT INTO `tc_request_type` VALUES ('10', 'Absent', '0', '4', '0');
INSERT INTO `tc_request_type` VALUES ('11', 'Training', '1', '4', '0');
INSERT INTO `tc_request_type` VALUES ('12', 'Holiday', '1', '4', '0');

-- ----------------------------
-- Table structure for `tc_system_log`
-- ----------------------------
DROP TABLE IF EXISTS `tc_system_log`;
CREATE TABLE `tc_system_log` (
  `id` int(11) NOT NULL AUTO_INCREMENT,
  `date_created` timestamp NULL DEFAULT CURRENT_TIMESTAMP,
  `user_id` int(11) DEFAULT NULL,
  `company_id` int(11) DEFAULT NULL,
  `employee_id` int(11) DEFAULT NULL,
  `type` tinyint(4) DEFAULT NULL COMMENT '0=timein, 1=timeout, 2=timecorrection, 3=requesttimeoff',
  `comment` text COLLATE utf8_bin,
  PRIMARY KEY (`id`),
  KEY `user_id` (`user_id`),
  KEY `company_id` (`company_id`),
  KEY `employee_id` (`employee_id`),
  CONSTRAINT `tc_system_log_ibfk_1` FOREIGN KEY (`user_id`) REFERENCES `tc_user` (`id`) ON DELETE CASCADE ON UPDATE CASCADE,
  CONSTRAINT `tc_system_log_ibfk_2` FOREIGN KEY (`company_id`) REFERENCES `tc_company` (`id`) ON DELETE CASCADE,
  CONSTRAINT `tc_system_log_ibfk_3` FOREIGN KEY (`employee_id`) REFERENCES `tc_user` (`id`) ON DELETE CASCADE
) ENGINE=InnoDB AUTO_INCREMENT=86 DEFAULT CHARSET=utf8 COLLATE=utf8_bin;

-- ----------------------------
-- Records of tc_system_log
-- ----------------------------
INSERT INTO `tc_system_log` VALUES ('2', '2015-09-12 21:46:23', '3', '2', '4', '3', 0x54696D65206F6666207570646174656420746F2062652074616B656E203D3E2066726F6D202831303A3030206F6E2032372F30382F323031352920746F202831373A3030206F6E2032372F30382F3230313529);
INSERT INTO `tc_system_log` VALUES ('3', '2015-09-12 22:16:55', '3', '2', '4', '2', 0x54696D65204361726420436F7272656374696F6E20402030383A3030204F6E2032302F30382F32303135);
INSERT INTO `tc_system_log` VALUES ('4', '2015-09-12 23:48:59', '3', '2', '4', '2', '');
INSERT INTO `tc_system_log` VALUES ('5', '2015-09-12 23:49:48', '3', '2', '4', '2', 0x54696D65204361726420436F7272656374696F6E20402030383A3030204F6E2032302F30382F32303135);
INSERT INTO `tc_system_log` VALUES ('6', '2015-10-02 02:57:25', '3', '2', '5', '3', 0x5265717565737465642074696D65206F66662066726F6D202830373A3030206F6E2032322F31302F323031352920746F202831303A3030206F6E2032322F31302F3230313529);
INSERT INTO `tc_system_log` VALUES ('7', '2015-10-18 03:48:48', '4', '2', '4', '0', 0x496E20402032313A3438204F6E2031372F31302F32303135);
INSERT INTO `tc_system_log` VALUES ('8', '2015-10-18 03:49:09', '4', '2', '4', '1', 0x54696D65204361726420436F7272656374696F6E20402032313A3438204F6E2031372F31302F32303135);
INSERT INTO `tc_system_log` VALUES ('9', '2015-10-18 03:50:34', '4', '2', '4', '2', 0x54696D65204361726420436F7272656374696F6E20402032313A3438204F6E2031372F31302F32303135);
INSERT INTO `tc_system_log` VALUES ('10', '2015-10-18 03:51:06', '4', '2', '4', '2', 0x54696D65204361726420436F7272656374696F6E20402032313A3438204F6E2031372F31302F32303135);
INSERT INTO `tc_system_log` VALUES ('11', '2015-10-18 03:51:53', '4', '2', '4', '2', '');
INSERT INTO `tc_system_log` VALUES ('12', '2015-10-18 03:52:17', '4', '2', '4', '2', 0x54696D65204361726420436F7272656374696F6E20402032313A3438204F6E2031372F31302F32303135);
INSERT INTO `tc_system_log` VALUES ('13', '2015-10-18 03:59:26', '4', '2', '4', '0', 0x496E20402032313A3539204F6E2031372F31302F32303135);
INSERT INTO `tc_system_log` VALUES ('14', '2015-10-18 04:00:40', '4', '2', '4', '1', 0x54696D65204361726420436F7272656374696F6E20402032313A3539204F6E2031372F31302F32303135);
INSERT INTO `tc_system_log` VALUES ('15', '2015-10-25 01:37:57', '4', '2', '4', '0', 0x496E20402031393A3337204F6E2032342F31302F32303135);
INSERT INTO `tc_system_log` VALUES ('16', '2015-10-27 01:11:37', '3', '2', '4', '1', 0x4F757420402032323A3131204F6E2032362F31302F32303135);
INSERT INTO `tc_system_log` VALUES ('17', '2015-10-27 01:12:28', '3', '2', '5', '1', 0x4F757420402032323A3132204F6E2032362F31302F32303135);
INSERT INTO `tc_system_log` VALUES ('18', '2015-10-27 02:08:15', '3', '2', '4', '3', 0x5265717565737465642074696D65206F66662066726F6D202831393A3037206F6E2032362F31302F323031352920746F202832333A3037206F6E2032362F31302F3230313529);
INSERT INTO `tc_system_log` VALUES ('19', '2015-11-03 00:16:05', '3', '2', '3', '0', 0x496E20402031373A3136204F6E2030322F31312F32303135);
INSERT INTO `tc_system_log` VALUES ('20', '2015-11-03 00:16:16', '3', '2', '3', '1', 0x54696D65204361726420436F7272656374696F6E20402031373A3136204F6E2030322F31312F32303135);
INSERT INTO `tc_system_log` VALUES ('21', '2015-11-03 00:18:08', '3', '2', '3', '0', 0x496E20402031373A3138204F6E2030322F31312F32303135);
INSERT INTO `tc_system_log` VALUES ('22', '2015-11-03 00:19:04', '3', '2', '3', '1', 0x54696D65204361726420436F7272656374696F6E20402031373A3138204F6E2030322F31312F32303135);
INSERT INTO `tc_system_log` VALUES ('23', '2015-11-03 00:19:23', '3', '2', '3', '0', 0x496E20402031373A3139204F6E2030322F31312F32303135);
INSERT INTO `tc_system_log` VALUES ('24', '2015-11-03 08:09:06', '3', null, null, '3', null);
INSERT INTO `tc_system_log` VALUES ('25', '2015-11-10 00:34:34', '3', '2', '3', '3', 0x5265717565737465642074696D65206F66662066726F6D202830393A3030206F6E2030392F31312F323031352920746F202831373A3030206F6E2030392F31312F3230313529);
INSERT INTO `tc_system_log` VALUES ('26', '2015-11-22 21:18:08', '3', '2', '5', '3', 0x5265717565737465642074696D65206F66662066726F6D202831363A3030206F6E2032322F31312F323031352920746F202831373A3030206F6E2032322F31312F3230313529);
INSERT INTO `tc_system_log` VALUES ('27', '2015-11-22 21:18:32', '3', '2', '3', '0', 0x496E20402031343A3138204F6E2032322F31312F32303135);
INSERT INTO `tc_system_log` VALUES ('28', '2015-11-23 07:56:04', '3', '2', '4', '1', 0x4F757420402030373A3535204F6E2032322F31312F32303135);
INSERT INTO `tc_system_log` VALUES ('29', '2015-11-24 02:57:18', '3', '2', '3', '1', 0x54696D65204361726420436F7272656374696F6E20402031373A3139204F6E2030322F31312F32303135);
INSERT INTO `tc_system_log` VALUES ('30', '2015-11-24 09:43:46', '3', '2', '3', '2', 0x54696D65204361726420436F7272656374696F6E20402031373A3139204F6E2030322F31312F32303135);
INSERT INTO `tc_system_log` VALUES ('31', '2015-12-07 12:55:15', '3', '2', '5', '1', 0x4F757420402031353A3030204F6E2030372F31322F32303135);
INSERT INTO `tc_system_log` VALUES ('32', '2015-12-07 12:56:28', '3', '2', '5', '3', 0x5265717565737465642074696D65206F66662066726F6D202831303A3030206F6E2030382F31322F323031352920746F202831313A3030206F6E2030382F31322F3230313529);
INSERT INTO `tc_system_log` VALUES ('33', '2015-12-07 13:32:24', '3', '2', '5', '2', 0x54696D65204361726420436F7272656374696F6E20402030393A3030204F6E2030372F31322F32303135);
INSERT INTO `tc_system_log` VALUES ('34', '2015-12-07 13:33:25', '3', '2', '5', '3', null);
INSERT INTO `tc_system_log` VALUES ('35', '2015-12-10 07:56:12', '3', '2', '5', '3', 0x5265717565737465642074696D65206F66662066726F6D202830393A3030206F6E2031302F31322F323031352920746F202831373A3030206F6E2031302F31322F3230313529);
INSERT INTO `tc_system_log` VALUES ('36', '2016-01-19 01:09:14', '3', '2', '4', '3', 0x5265717565737465642074696D65206F66662066726F6D202830393A3030206F6E2032302F30312F323031362920746F202831303A3030206F6E2032302F30312F3230313629);
INSERT INTO `tc_system_log` VALUES ('37', '2016-01-19 01:11:48', '3', '2', '5', '1', 0x4F757420402031323A3030204F6E2031382F30312F32303136);
INSERT INTO `tc_system_log` VALUES ('38', '2016-02-06 20:02:20', '3', '2', '3', '1', 0x4F757420402030303A3030204F6E2030312F30312F31393730);
INSERT INTO `tc_system_log` VALUES ('39', '2016-02-06 20:03:11', '3', '2', '5', '2', 0x54696D65204361726420436F7272656374696F6E20402030383A3030204F6E2031382F30312F32303136);
INSERT INTO `tc_system_log` VALUES ('40', '2016-02-06 20:04:37', '3', '2', '3', '2', 0x54696D65204361726420436F7272656374696F6E20402031343A3032204F6E2030362F30322F32303136);
INSERT INTO `tc_system_log` VALUES ('41', '2016-02-06 21:02:35', '4', '2', '4', '0', 0x496E20402031353A3032204F6E2030362F30322F32303136);
INSERT INTO `tc_system_log` VALUES ('42', '2016-02-27 00:35:11', '3', '2', '4', '1', 0x54696D65204361726420436F7272656374696F6E20402031353A3032204F6E2030362F30322F32303136);
INSERT INTO `tc_system_log` VALUES ('43', '2016-02-27 00:50:32', '3', '2', '7', '3', 0x5265717565737465642074696D65206F66662066726F6D202831383A3436206F6E2032372F30322F323031362920746F202831383A3436206F6E2032392F30322F3230313629);
INSERT INTO `tc_system_log` VALUES ('44', '2016-02-27 00:55:52', '3', '2', '7', '1', 0x4F757420402030383A3030204F6E2032362F30322F32303136);
INSERT INTO `tc_system_log` VALUES ('45', '2016-02-27 00:56:44', '3', '2', '4', '3', 0x5265717565737465642074696D65206F66662066726F6D202830393A3030206F6E2031322F30342F323031362920746F202831373A3030206F6E2031322F30342F3230313629);
INSERT INTO `tc_system_log` VALUES ('46', '2016-02-27 00:58:22', '3', '2', '3', '0', 0x496E20402031383A3538204F6E2032362F30322F32303136);
INSERT INTO `tc_system_log` VALUES ('47', '2016-02-27 00:59:00', '3', '2', '3', '1', 0x54696D65204361726420436F7272656374696F6E20402031383A3538204F6E2032362F30322F32303136);
INSERT INTO `tc_system_log` VALUES ('48', '2016-04-15 22:11:27', '8', '4', '9', '1', 0x4F757420402031313A3433204F6E2031312F30312F32303136);
INSERT INTO `tc_system_log` VALUES ('49', '2016-04-15 22:12:41', '8', '4', '9', '1', 0x4F757420402031363A3431204F6E2031312F30312F32303136);
INSERT INTO `tc_system_log` VALUES ('50', '2016-04-15 22:14:13', '8', '4', '9', '1', 0x4F757420402031313A3433204F6E2031322F30312F32303136);
INSERT INTO `tc_system_log` VALUES ('51', '2016-04-15 22:15:25', '8', '4', '9', '1', 0x4F757420402031363A3333204F6E2031322F30312F32303136);
INSERT INTO `tc_system_log` VALUES ('52', '2016-04-15 22:16:32', '8', '4', '9', '1', 0x4F757420402031363A3432204F6E2031332F30312F32303136);
INSERT INTO `tc_system_log` VALUES ('53', '2016-04-15 22:17:37', '8', '4', '9', '1', 0x4F757420402031313A3030204F6E2031342F30312F32303136);
INSERT INTO `tc_system_log` VALUES ('54', '2016-04-15 22:18:31', '8', '4', '9', '1', 0x4F757420402031373A3032204F6E2031342F30312F32303136);
INSERT INTO `tc_system_log` VALUES ('55', '2016-04-15 22:19:30', '8', '4', '9', '1', 0x4F757420402031323A3032204F6E2031342F30312F32303136);
INSERT INTO `tc_system_log` VALUES ('56', '2016-04-15 22:19:57', '8', '4', '9', '2', 0x54696D65204361726420436F7272656374696F6E20402030373A3137204F6E2031352F30312F32303136);
INSERT INTO `tc_system_log` VALUES ('57', '2016-04-15 22:20:50', '8', '4', '9', '1', 0x4F757420402031313A3336204F6E2031382F30312F32303136);
INSERT INTO `tc_system_log` VALUES ('58', '2016-04-15 22:21:26', '8', '4', '9', '1', 0x4F757420402031373A3031204F6E2031382F30312F32303136);
INSERT INTO `tc_system_log` VALUES ('59', '2016-04-15 22:22:24', '8', '4', '9', '1', 0x4F757420402031323A3031204F6E2031392F30312F32303136);
INSERT INTO `tc_system_log` VALUES ('60', '2016-04-15 22:23:05', '8', '4', '9', '1', 0x4F757420402031353A3330204F6E2031392F30312F32303136);
INSERT INTO `tc_system_log` VALUES ('61', '2016-04-15 22:23:21', '8', '4', '9', '2', 0x54696D65204361726420436F7272656374696F6E20402031323A3331204F6E2031392F30312F32303136);
INSERT INTO `tc_system_log` VALUES ('62', '2016-04-15 22:24:05', '8', '4', '9', '1', 0x4F757420402031323A3032204F6E2032302F30312F32303136);
INSERT INTO `tc_system_log` VALUES ('63', '2016-04-15 22:24:52', '8', '4', '9', '1', 0x4F757420402031363A3330204F6E2032302F30312F32303136);
INSERT INTO `tc_system_log` VALUES ('64', '2016-04-15 22:25:32', '8', '4', '9', '1', 0x4F757420402031323A3331204F6E2032312F30312F32303136);
INSERT INTO `tc_system_log` VALUES ('65', '2016-04-15 22:26:06', '8', '4', '9', '1', 0x4F757420402031363A3330204F6E2032312F30312F32303136);
INSERT INTO `tc_system_log` VALUES ('66', '2016-04-15 22:26:52', '8', '4', '9', '1', 0x4F757420402031313A3538204F6E2032322F30312F32303136);
INSERT INTO `tc_system_log` VALUES ('67', '2016-04-15 22:27:34', '8', '4', '9', '1', 0x4F757420402031353A3030204F6E2032322F30312F32303136);
INSERT INTO `tc_system_log` VALUES ('68', '2016-04-15 22:29:30', '8', '4', '10', '1', 0x4F757420402031323A3330204F6E2031312F30312F32303136);
INSERT INTO `tc_system_log` VALUES ('69', '2016-05-23 22:53:50', '8', '4', '8', '0', 0x496E20402032303A3533204F6E2032332F30352F32303136);
INSERT INTO `tc_system_log` VALUES ('70', '2016-05-23 22:57:20', '8', '4', '10', '3', 0x5265717565737465642074696D65206F66662066726F6D202830393A3030206F6E2032352F30352F323031362920746F202831373A3030206F6E2032352F30352F3230313629);
INSERT INTO `tc_system_log` VALUES ('71', '2016-05-23 22:57:53', '8', '4', '10', '0', 0x496E20402030383A3030204F6E2032332F30352F32303136);
INSERT INTO `tc_system_log` VALUES ('72', '2016-05-23 23:05:52', '8', '4', '8', '1', 0x54696D65204361726420436F7272656374696F6E20402032303A3533204F6E2032332F30352F32303136);
INSERT INTO `tc_system_log` VALUES ('73', '2016-05-23 23:06:17', '8', '4', '10', '2', 0x54696D65204361726420436F7272656374696F6E20402030383A3030204F6E2032332F30352F32303136);
INSERT INTO `tc_system_log` VALUES ('74', '2016-05-23 23:06:35', '8', '4', '10', '2', 0x54696D65204361726420436F7272656374696F6E20402030383A3030204F6E2032332F30352F32303136);
INSERT INTO `tc_system_log` VALUES ('75', '2016-06-03 03:32:35', '8', '4', '8', '0', 0x496E20402030313A3332204F6E2030332F30362F32303136);
INSERT INTO `tc_system_log` VALUES ('76', '2016-06-03 04:10:54', '10', '4', '10', '0', 0x496E20402030393A3030204F6E2030322F30362F32303136);
INSERT INTO `tc_system_log` VALUES ('77', '2016-06-17 18:42:41', '8', '4', '8', '0', 0x496E20402031363A3432204F6E2031372F30362F32303136);
INSERT INTO `tc_system_log` VALUES ('78', '2016-06-17 18:43:48', '8', '4', '10', '0', 0x496E20402030393A3030204F6E2031372F30362F32303136);
INSERT INTO `tc_system_log` VALUES ('79', '2016-06-17 18:44:48', '8', '4', '10', '3', 0x5265717565737465642074696D65206F66662066726F6D202830393A3030206F6E2032302F30362F323031362920746F202831373A3030206F6E2032342F30362F3230313629);
INSERT INTO `tc_system_log` VALUES ('80', '2016-06-17 18:45:22', '8', '4', '8', '1', 0x54696D65204361726420436F7272656374696F6E20402031363A3432204F6E2031372F30362F32303136);
INSERT INTO `tc_system_log` VALUES ('81', '2016-07-15 15:05:19', '8', '4', '8', '0', 0x496E20402031353A3035204F6E2031352F30372F32303136);

-- ----------------------------
-- Table structure for `tc_timeoff`
-- ----------------------------
DROP TABLE IF EXISTS `tc_timeoff`;
CREATE TABLE `tc_timeoff` (
  `id` int(11) NOT NULL AUTO_INCREMENT,
  `time_from` datetime DEFAULT NULL,
  `time_to` datetime DEFAULT NULL,
  `user_id` int(11) DEFAULT NULL,
  `comments` text COLLATE utf8_bin,
  `status` tinyint(4) DEFAULT '0' COMMENT '0=pending, 1=approved, 2=declined',
  `date_created` timestamp NULL DEFAULT CURRENT_TIMESTAMP,
  `payroll_id` int(11) DEFAULT NULL,
  `employee_approval` tinyint(4) DEFAULT '0' COMMENT 'when employee approve his time this will be 1',
  `company_id` int(11) DEFAULT NULL,
  `request_type` int(11) DEFAULT NULL,
  `time_date_from` varchar(30) COLLATE utf8_bin DEFAULT NULL,
  `time_date_to` varchar(30) COLLATE utf8_bin DEFAULT NULL,
  `time_time_from` varchar(30) COLLATE utf8_bin DEFAULT NULL,
  `time_time_to` varchar(30) COLLATE utf8_bin DEFAULT NULL,
  PRIMARY KEY (`id`),
  KEY `payroll_id` (`payroll_id`),
  KEY `user_id` (`user_id`),
  KEY `tc_timeoff_ibfk_3` (`company_id`),
  KEY `request_type` (`request_type`),
  CONSTRAINT `tc_timeoff_ibfk_1` FOREIGN KEY (`payroll_id`) REFERENCES `tc_payroll` (`id`) ON DELETE NO ACTION ON UPDATE NO ACTION,
  CONSTRAINT `tc_timeoff_ibfk_2` FOREIGN KEY (`user_id`) REFERENCES `tc_user` (`id`) ON DELETE CASCADE,
  CONSTRAINT `tc_timeoff_ibfk_3` FOREIGN KEY (`company_id`) REFERENCES `tc_company` (`id`) ON DELETE CASCADE ON UPDATE CASCADE,
  CONSTRAINT `tc_timeoff_ibfk_4` FOREIGN KEY (`request_type`) REFERENCES `tc_request_type` (`id`) ON DELETE NO ACTION ON UPDATE NO ACTION
) ENGINE=InnoDB AUTO_INCREMENT=18 DEFAULT CHARSET=utf8 COLLATE=utf8_bin;

-- ----------------------------
-- Records of tc_timeoff
-- ----------------------------
INSERT INTO `tc_timeoff` VALUES ('1', '2015-08-25 09:00:00', '2015-08-25 12:00:00', '4', '', '1', '2015-08-20 02:11:02', '10', '0', '2', '2', null, null, null, null);
INSERT INTO `tc_timeoff` VALUES ('2', '2015-08-27 10:00:00', '2015-08-28 17:00:00', '4', '', '1', '2015-08-20 02:23:25', '10', '0', '2', '1', null, null, null, null);
INSERT INTO `tc_timeoff` VALUES ('3', '2015-08-31 14:00:00', '2015-08-31 17:00:00', '4', '', '1', '2015-08-20 02:24:22', '10', '0', '2', '1', null, null, null, null);
INSERT INTO `tc_timeoff` VALUES ('4', '2015-10-22 07:00:00', '2015-10-22 10:00:00', '5', '', '2', '2015-10-02 02:57:25', '10', '0', '2', '3', null, null, null, null);
INSERT INTO `tc_timeoff` VALUES ('5', '2015-10-26 19:07:00', '2015-10-26 23:07:00', '4', 0x6C6F6C, '1', '2015-10-27 02:08:15', '10', '0', '2', '1', null, null, null, null);
INSERT INTO `tc_timeoff` VALUES ('6', '2015-11-09 09:00:00', '2015-11-09 17:00:00', '3', null, '1', '2015-11-10 00:34:35', '10', '0', '2', '1', '11/09/2015', '11/09/2015', '09:00', '17:00');
INSERT INTO `tc_timeoff` VALUES ('7', '2015-11-22 16:00:00', '2015-11-22 17:00:00', '5', null, '1', '2015-11-22 21:18:08', '10', '0', '2', '1', '11/22/2015', '11/22/2015', '16:00', '17:00');
INSERT INTO `tc_timeoff` VALUES ('8', '2015-12-08 10:00:00', '2015-12-08 11:00:00', '5', '', '1', '2015-12-07 12:56:29', '10', '0', '2', '1', '12/08/2015', '12/08/2015', '10:00', '11:00');
INSERT INTO `tc_timeoff` VALUES ('9', '2015-12-10 09:00:00', '2015-12-10 17:00:00', '5', null, '1', '2015-12-10 07:56:12', '10', '0', '2', '2', '12/10/2015', '12/10/2015', '09:00', '17:00');
INSERT INTO `tc_timeoff` VALUES ('10', '2016-01-20 09:00:00', '2016-01-20 10:00:00', '4', null, '1', '2016-01-19 01:09:15', '10', '0', '2', '1', '01/20/2016', '01/20/2016', '09:00', '10:00');
INSERT INTO `tc_timeoff` VALUES ('11', '2016-02-27 18:46:00', '2016-02-29 18:46:00', '7', '', '1', '2016-02-27 00:50:32', '10', '0', '2', '2', null, null, null, null);
INSERT INTO `tc_timeoff` VALUES ('12', '2016-04-12 09:00:00', '2016-04-12 17:00:00', '4', null, '2', '2016-02-27 00:56:44', '10', '0', '2', '2', '04/12/2016', '04/12/2016', '09:00', '17:00');
INSERT INTO `tc_timeoff` VALUES ('13', '2016-05-25 09:00:00', '2016-05-25 17:00:00', '10', null, '1', '2016-05-23 22:57:20', null, '0', '4', '7', '05/25/2016', '05/25/2016', '09:00', '17:00');
INSERT INTO `tc_timeoff` VALUES ('14', '2016-06-20 09:00:00', '2016-06-24 17:00:00', '10', null, '1', '2016-06-17 18:44:48', null, '0', '4', '7', '06/20/2016', '06/24/2016', '09:00', '17:00');
INSERT INTO `tc_timeoff` VALUES ('15', '2016-06-26 10:00:00', '2016-06-26 11:00:00', '10', null, '1', '2016-06-17 18:44:48', null, '0', '4', '7', '06/26/2016', '06/26/2016', '10:00', '11:00');

-- ----------------------------
-- Table structure for `tc_user`
-- ----------------------------
DROP TABLE IF EXISTS `tc_user`;
CREATE TABLE `tc_user` (
  `id` int(11) NOT NULL AUTO_INCREMENT,
  `employee_id` varchar(255) COLLATE utf8_bin DEFAULT NULL,
  `title` varchar(255) COLLATE utf8_bin DEFAULT NULL,
  `username` varchar(255) COLLATE utf8_bin DEFAULT NULL,
  `password` varchar(255) COLLATE utf8_bin DEFAULT NULL,
  `email` varchar(255) COLLATE utf8_bin DEFAULT NULL,
  `hire_date` date DEFAULT NULL,
  `image` varchar(255) COLLATE utf8_bin DEFAULT 'no-img.jpg',
  `user_type` int(11) DEFAULT NULL,
  `date_created` timestamp NULL DEFAULT CURRENT_TIMESTAMP,
  `url` varchar(255) COLLATE utf8_bin DEFAULT NULL,
  `active` tinyint(4) DEFAULT '0' COMMENT 'can login?',
  `company_id` int(11) DEFAULT NULL,
  `department_id` int(11) DEFAULT NULL,
  `pay_rate` decimal(10,2) DEFAULT NULL,
  `pay_rate_period` int(11) DEFAULT NULL,
  `checkinout_notification` tinyint(4) DEFAULT '0',
  `checkinout_email` varchar(255) COLLATE utf8_bin DEFAULT NULL,
  `checkin_notification` tinyint(4) DEFAULT '0',
  `checkout_notification` tinyint(4) DEFAULT '0',
  `checkin_late_notification` tinyint(4) DEFAULT '0',
  `checkin_late_email` varchar(255) COLLATE utf8_bin DEFAULT NULL,
  `holiday_pay` tinyint(4) DEFAULT '0',
  `holiday_pay_period` int(11) DEFAULT NULL,
  `overtime` tinyint(4) DEFAULT '0',
  `overtime_period` int(11) DEFAULT NULL,
  `sick_leave` tinyint(4) DEFAULT '0',
  `sick_leave_period` int(11) DEFAULT '0',
  `paid_timeoff` tinyint(4) DEFAULT '0',
  `paid_timeoff_period` int(11) DEFAULT '0',
  `first_name` varchar(255) COLLATE utf8_bin DEFAULT NULL,
  `last_name` varchar(255) COLLATE utf8_bin DEFAULT NULL,
  `vacation_credit` int(11) DEFAULT '0',
  `vacation_date` date DEFAULT NULL,
  `sickleave_credit` int(11) DEFAULT NULL,
  `sickleave_date` date DEFAULT NULL,
  PRIMARY KEY (`id`),
  KEY `user_type` (`user_type`),
  KEY `tc_user_ibfk_2` (`company_id`),
  KEY `department_id` (`department_id`),
  KEY `pay_rate_period` (`pay_rate_period`),
  CONSTRAINT `tc_user_ibfk_1` FOREIGN KEY (`user_type`) REFERENCES `tc_user_type` (`id`) ON DELETE CASCADE,
  CONSTRAINT `tc_user_ibfk_2` FOREIGN KEY (`company_id`) REFERENCES `tc_company` (`id`) ON DELETE CASCADE,
  CONSTRAINT `tc_user_ibfk_3` FOREIGN KEY (`department_id`) REFERENCES `tc_department` (`id`) ON DELETE CASCADE,
  CONSTRAINT `tc_user_ibfk_4` FOREIGN KEY (`pay_rate_period`) REFERENCES `tc_pay_period` (`id`) ON DELETE NO ACTION ON UPDATE NO ACTION
) ENGINE=InnoDB AUTO_INCREMENT=32 DEFAULT CHARSET=utf8 COLLATE=utf8_bin;

-- ----------------------------
-- Records of tc_user
-- ----------------------------
INSERT INTO `tc_user` VALUES ('1', null, null, 'ahmedhany', 'Mbh5S7miT0/lBluGPa32pw==', '', '2015-01-01', 'no-img.jpg', '2', '2015-07-06 03:21:09', 'ahmedhany', '1', null, null, null, null, '0', null, '0', '0', '0', null, '0', null, '0', null, '0', null, '0', null, null, null, '0', null, null, '0000-00-00');
INSERT INTO `tc_user` VALUES ('2', '', '', 'admin', 'Mbh5S7miT0/lBluGPa32pw==', 'admin@admin.com', '2015-01-01', 'no-img.jpg', '2', '2015-07-06 03:21:01', 'admin886', '1', '1', '1', '0.00', null, '0', '', '0', '0', '0', null, '0', null, '0', null, '0', null, '0', null, null, null, '0', null, null, null);
INSERT INTO `tc_user` VALUES ('3', '01', 'HR', 'company admin1', 'Mbh5S7miT0/lBluGPa32pw==', 'companyadmin1@admin.com', '2015-01-01', '1443462882-designservices.png', '3', '2015-08-06 01:24:43', 'company-admin1643', '1', '2', '2', '2000.00', '6', '1', 'admin@admin.com, xx@xx.com', '0', '0', '1', 'admin@admin.com', '0', null, '0', null, '0', null, '0', null, 'company', 'admin1', null, null, null, null);
INSERT INTO `tc_user` VALUES ('4', '02', 'Washer', 'Emp tt', 'Mbh5S7miT0/lBluGPa32pw==', 'normal@normal.com', '2015-01-01', '1453143421-kid.jpg', '1', '2015-08-10 03:18:12', 'emp771', '1', '2', '2', '3000.00', '6', '1', 'companyadmin1@admin.com', '1', '1', '1', 'companyadmin1@admin.com', '1', '3', '1', '3', '1', '12', '1', '6', 'Emp', 'tt', '60', '2017-01-01', '120', '2017-01-01');
INSERT INTO `tc_user` VALUES ('5', '05', '', 'Test emp', '', '', '2012-09-10', '1439734787-hearts-love-hd-wallpaper.jpg', '1', '2015-08-16 21:47:22', '741', '0', '2', '2', '500.00', '5', '1', 'admin@admin.com', '0', '1', '1', 'xx@xx.com', '0', null, '0', null, '1', '3', '1', '0', 'Test', 'emp', '60', '2016-09-10', '120', '2016-09-10');
INSERT INTO `tc_user` VALUES ('6', '', '', 'Emp admin1', '', '', '2015-09-30', '1443462909-bg.jpg', '1', '2015-09-29 01:55:09', '442', '0', '2', '4', '0.00', null, '0', '', '0', '0', '0', '', '0', null, '0', null, '1', '0', '0', '0', 'Emp', 'admin1', null, null, '120', '2016-09-30');
INSERT INTO `tc_user` VALUES ('7', 'JJ', 'Manager', 'John John', 'gMK7Vv5rkL9yNYPnyemUFg==', 'johnjohn@paysnob.com', '0000-00-00', '1456512128-Koala.jpg', '1', '2016-02-27 00:42:08', '723', '0', '2', '2', '35.00', '5', '0', '', '0', '0', '1', 'companyadmin1@admin.com', '1', '3', '1', '0', '1', '3', '1', '12', 'John', 'John', '60', '2016-11-30', '120', '2016-11-30');
INSERT INTO `tc_user` VALUES ('8', '', '', 'Test Admin', 'FXqyRxzWddN6XWWlrATQtw==', 'testadmin@admin.com', '2016-04-01', 'no-img.jpg', '3', '2016-04-15 05:03:13', '438', '1', '4', '7', '0.00', null, '0', '', '0', '0', '0', '', '0', null, '0', null, '0', '0', '0', '0', 'Test', 'Admin', null, null, null, null);
INSERT INTO `tc_user` VALUES ('9', '101', 'Receptionist', 'Julie Anderson', 'gMK7Vv5rkL9yNYPnyemUFg==', 'julie.anderson.email@emailtest.com', '2001-02-25', 'no-img.jpg', '1', '2016-04-15 05:45:16', '333', '1', '4', '8', '15.00', '7', '0', '', '0', '0', '0', '', '1', '0', '1', '0', '1', '3', '0', '0', 'Julie', 'Anderson', null, null, '100', '2017-02-25');
INSERT INTO `tc_user` VALUES ('10', '102', 'RDA', 'Fidencia Anderson', 'kWLcGZMoDEPV40ExSDo+dw==', 'Fidencia.anderson.email@emailtest.com', '2012-12-12', 'no-img.jpg', '1', '2016-04-15 05:48:23', '521', '1', '4', '7', '16.00', '7', '0', '', '0', '0', '0', '', '1', '3', '1', '3', '0', '0', '1', '0', 'Fidencia', 'Anderson', '210', '2016-12-12', null, null);
INSERT INTO `tc_user` VALUES ('11', '103', 'RDA', 'Alla Anderson', '5EloCWZBlho2g7mUJrk0wg==', 'Alla.anderson.email@emailtest.com', '2006-11-23', 'no-img.jpg', '1', '2016-04-15 05:50:38', '480', '1', '4', '7', '18.00', '7', '0', '', '0', '0', '0', '', '1', '0', '1', '0', '1', '6', '1', '3', 'Alla', 'Anderson', '210', '2016-11-23', '100', '2016-11-23');
INSERT INTO `tc_user` VALUES ('12', '104', 'Insurance', 'Veronica Anderson', 'VclLYesq2iFGEMQi7eK05A==', 'Veronica.anderson.email@emailtest.com', '2015-01-02', 'no-img.jpg', '1', '2016-04-15 05:53:17', '249', '1', '4', '8', '18.00', '7', '0', '', '0', '0', '0', '', '1', '12', '1', '6', '1', '12', '0', '0', 'Veronica', 'Anderson', null, null, '100', '2017-01-02');
INSERT INTO `tc_user` VALUES ('13', '105', 'Receptionist', 'Kelly Anderson', 'mCfSkY18lvBwhoc4agBgRg==', 'Kelly.anderson.email@emailtest.com', '2010-05-08', 'no-img.jpg', '1', '2016-04-15 05:55:17', '664', '1', '4', '8', '21.00', '7', '0', '', '0', '0', '0', '', '1', '0', '1', '0', '0', '0', '1', '0', 'Kelly', 'Anderson', '210', '2016-05-08', null, null);
INSERT INTO `tc_user` VALUES ('14', '106', 'Hygienist', 'Cynthia Anderson', 'yymj/9NqPmx/uMyKJrtTiQ==', 'Cynthia.anderson.email@emailtest.com', '2014-06-08', 'no-img.jpg', '1', '2016-04-15 05:57:07', '497', '1', '4', '6', '50.00', '7', '0', '', '0', '0', '0', '', '1', '6', '1', '0', '1', '3', '0', '0', 'Cynthia', 'Anderson', null, null, '100', '2016-06-08');
INSERT INTO `tc_user` VALUES ('15', '107', 'Hygienist', 'Darla Anderson', 'PsEUehjeKpC4UZf05vKI5g==', 'Darla.anderson.email@emailtest.com', '2007-07-27', 'no-img.jpg', '1', '2016-04-15 05:58:47', '311', '1', '4', '6', '50.00', '7', '0', '', '0', '0', '0', '', '1', '0', '1', '12', '1', '3', '1', '6', 'Darla', 'Anderson', '210', '2016-07-27', '100', '2016-07-27');
INSERT INTO `tc_user` VALUES ('16', '108', 'Receptionist', 'Donrico Anderson', 'mzdwDlGjGe57vJOblRdhtg==', 'Donrico.anderson.email@emailtest.com', '2004-08-20', 'no-img.jpg', '1', '2016-04-15 06:00:30', '78', '1', '4', '8', '18.00', '7', '0', '', '0', '0', '0', '', '1', '12', '1', '0', '1', '3', '1', '12', 'Donrico', 'Anderson', '210', '2016-08-20', '100', '2016-08-20');
INSERT INTO `tc_user` VALUES ('17', '', '', 'ss sada', 'Mbh5S7miT0/lBluGPa32pw==', '', '2016-06-01', 'no-img.jpg', '2', '2016-06-25 20:55:19', '746', '0', '1', '1', '0.00', null, '0', '', '0', '0', '0', '', '0', null, '0', null, '0', '0', '0', '0', 'ss', 'sada', null, null, null, null);

-- ----------------------------
-- Table structure for `tc_user_pay_rate_history`
-- ----------------------------
DROP TABLE IF EXISTS `tc_user_pay_rate_history`;
CREATE TABLE `tc_user_pay_rate_history` (
  `id` int(11) NOT NULL AUTO_INCREMENT,
  `user_id` int(11) DEFAULT NULL,
  `pay_rate` decimal(10,2) DEFAULT NULL,
  `pay_rate_period` int(11) DEFAULT NULL,
  `date_updated` timestamp NULL DEFAULT CURRENT_TIMESTAMP,
  PRIMARY KEY (`id`),
  KEY `user_id` (`user_id`),
  KEY `pay_rate_period` (`pay_rate_period`),
  CONSTRAINT `tc_user_pay_rate_history_ibfk_1` FOREIGN KEY (`user_id`) REFERENCES `tc_user` (`id`) ON DELETE CASCADE,
  CONSTRAINT `tc_user_pay_rate_history_ibfk_2` FOREIGN KEY (`user_id`) REFERENCES `tc_user` (`id`) ON DELETE CASCADE,
  CONSTRAINT `tc_user_pay_rate_history_ibfk_3` FOREIGN KEY (`pay_rate_period`) REFERENCES `tc_pay_period` (`id`) ON DELETE NO ACTION ON UPDATE NO ACTION
) ENGINE=InnoDB AUTO_INCREMENT=20 DEFAULT CHARSET=utf8 COLLATE=utf8_bin;

-- ----------------------------
-- Records of tc_user_pay_rate_history
-- ----------------------------
INSERT INTO `tc_user_pay_rate_history` VALUES ('6', '4', '3000.00', '6', '2015-09-23 23:46:15');
INSERT INTO `tc_user_pay_rate_history` VALUES ('7', '5', '500.00', '5', '2015-09-29 01:33:02');
INSERT INTO `tc_user_pay_rate_history` VALUES ('8', '3', '2000.00', '6', '2015-09-29 01:54:09');
INSERT INTO `tc_user_pay_rate_history` VALUES ('9', '7', '35.00', '5', '2016-02-27 00:42:08');
INSERT INTO `tc_user_pay_rate_history` VALUES ('10', '9', '15.00', '7', '2016-04-15 05:45:16');
INSERT INTO `tc_user_pay_rate_history` VALUES ('11', '10', '16.00', '7', '2016-04-15 05:48:23');
INSERT INTO `tc_user_pay_rate_history` VALUES ('12', '11', '18.00', '7', '2016-04-15 05:50:38');
INSERT INTO `tc_user_pay_rate_history` VALUES ('13', '12', '18.00', '7', '2016-04-15 05:53:17');
INSERT INTO `tc_user_pay_rate_history` VALUES ('14', '13', '21.00', '7', '2016-04-15 05:55:17');
INSERT INTO `tc_user_pay_rate_history` VALUES ('15', '14', '50.00', '7', '2016-04-15 05:57:07');
INSERT INTO `tc_user_pay_rate_history` VALUES ('16', '15', '50.00', '7', '2016-04-15 05:58:47');
INSERT INTO `tc_user_pay_rate_history` VALUES ('17', '16', '18.00', '7', '2016-04-15 06:00:30');

-- ----------------------------
-- Table structure for `tc_user_permission`
-- ----------------------------
DROP TABLE IF EXISTS `tc_user_permission`;
CREATE TABLE `tc_user_permission` (
  `id` int(11) NOT NULL AUTO_INCREMENT,
  `user_id` int(11) DEFAULT NULL,
  `punch_other` tinyint(4) DEFAULT '0',
  `activity_log_create` tinyint(4) DEFAULT '0',
  `activity_log_update` tinyint(4) DEFAULT '0',
  `punch` tinyint(4) DEFAULT '0',
  `report` tinyint(4) DEFAULT '0',
  `gps` tinyint(4) DEFAULT '0',
  `pay_info` tinyint(4) DEFAULT '0',
  `time_off` tinyint(4) DEFAULT '0',
  `admin` tinyint(4) DEFAULT '0',
  `company_user` tinyint(4) DEFAULT '0',
  `company_department` tinyint(4) DEFAULT '0',
  `company_reports` tinyint(4) DEFAULT '0',
  `company_pay_info` tinyint(4) DEFAULT '0',
  `company_timeoff` tinyint(4) DEFAULT '0',
  `company_activity` tinyint(4) DEFAULT '0',
  `company_dashboard` tinyint(4) DEFAULT '0',
  `company_admin` tinyint(4) DEFAULT '0',
  `company_settings` tinyint(4) DEFAULT '0',
  PRIMARY KEY (`id`),
  KEY `user_id` (`user_id`),
  CONSTRAINT `tc_user_permission_ibfk_1` FOREIGN KEY (`user_id`) REFERENCES `tc_user` (`id`) ON DELETE CASCADE ON UPDATE CASCADE
) ENGINE=InnoDB AUTO_INCREMENT=30 DEFAULT CHARSET=utf8 COLLATE=utf8_bin;

-- ----------------------------
-- Records of tc_user_permission
-- ----------------------------
INSERT INTO `tc_user_permission` VALUES ('3', '3', '1', '1', '1', '1', '1', '0', '1', '1', '1', '1', '1', '1', '1', '1', '1', '1', '1', '1');
INSERT INTO `tc_user_permission` VALUES ('4', '4', '1', '0', '0', '1', '1', '0', '1', '1', '0', '0', '0', '0', '0', '0', '0', '0', '0', '0');
INSERT INTO `tc_user_permission` VALUES ('5', '5', '0', '0', '0', '0', '0', '0', '0', '0', '0', '0', '0', '0', '0', '0', '0', '0', '0', '0');
INSERT INTO `tc_user_permission` VALUES ('6', '6', '0', '0', '0', '0', '0', '0', '0', '0', '0', '0', '0', '0', '0', '0', '0', '0', '0', '0');
INSERT INTO `tc_user_permission` VALUES ('7', '7', '0', '0', '0', '0', '0', '0', '0', '0', '0', '0', '0', '0', '0', '0', '0', '0', '0', '0');
INSERT INTO `tc_user_permission` VALUES ('8', '8', '1', '1', '1', '1', '1', '0', '1', '1', '1', '1', '1', '1', '1', '1', '1', '1', '1', '1');
INSERT INTO `tc_user_permission` VALUES ('9', '9', '1', '0', '0', '1', '1', '0', '1', '1', '0', '0', '0', '0', '0', '0', '0', '0', '0', '0');
INSERT INTO `tc_user_permission` VALUES ('10', '10', '1', '0', '0', '1', '1', '0', '1', '1', '0', '0', '0', '0', '0', '0', '0', '0', '0', '0');
INSERT INTO `tc_user_permission` VALUES ('11', '11', '1', '0', '0', '1', '1', '0', '1', '1', '0', '0', '0', '0', '0', '0', '0', '0', '0', '0');
INSERT INTO `tc_user_permission` VALUES ('12', '12', '1', '0', '0', '1', '1', '0', '1', '1', '0', '0', '0', '0', '0', '0', '0', '0', '0', '0');
INSERT INTO `tc_user_permission` VALUES ('13', '13', '1', '0', '0', '1', '1', '0', '1', '1', '0', '0', '0', '0', '0', '0', '0', '0', '0', '0');
INSERT INTO `tc_user_permission` VALUES ('14', '14', '1', '0', '0', '1', '1', '0', '1', '1', '0', '0', '0', '0', '0', '0', '0', '0', '0', '0');
INSERT INTO `tc_user_permission` VALUES ('15', '15', '1', '0', '0', '1', '1', '0', '1', '1', '0', '0', '0', '0', '0', '0', '0', '0', '0', '0');
INSERT INTO `tc_user_permission` VALUES ('16', '16', '1', '0', '0', '1', '1', '0', '1', '1', '0', '0', '0', '0', '0', '0', '0', '0', '0', '0');
INSERT INTO `tc_user_permission` VALUES ('17', '17', '0', '0', '0', '0', '0', '0', '0', '0', '0', '0', '0', '0', '0', '0', '0', '0', '0', '0');

-- ----------------------------
-- Table structure for `tc_user_type`
-- ----------------------------
DROP TABLE IF EXISTS `tc_user_type`;
CREATE TABLE `tc_user_type` (
  `id` int(11) NOT NULL AUTO_INCREMENT,
  `title` varchar(255) COLLATE utf8_bin DEFAULT NULL,
  PRIMARY KEY (`id`)
) ENGINE=InnoDB AUTO_INCREMENT=4 DEFAULT CHARSET=utf8 COLLATE=utf8_bin;

-- ----------------------------
-- Records of tc_user_type
-- ----------------------------
INSERT INTO `tc_user_type` VALUES ('1', 'Employee');
INSERT INTO `tc_user_type` VALUES ('2', 'Administrator');
INSERT INTO `tc_user_type` VALUES ('3', 'Company Admin');
